id,document,publisher,url,document_date,read_at_utc,how_read,used_for
listing,"Binance Exchange Adds JPMorgan Chase (JPMB), Eli Lilly (LLYB), Securitize Corp (SECZB) and StablecoinX Inc (USDEB) bStocks Trading Pairs on Binance Spot/Convert",Binance (Binance Announcement on Binance Square),https://www.binance.com/en/square/post/374582526748706,2026-10-07,"2026-10-08T22:25Z, searched again 23:32Z, disclaimer checked 23:58Z","browser, full text","listing time, contract address, early conversion, withdrawals time, US restriction, conditions on moving tokens back into the depository; no mention of voting or insolvency"
academy,What Are bStocks? A Guide to Tokenized Stocks on Binance,Binance Academy,https://www.binance.com/en/academy/articles/what-are-bstocks-a-guide-to-tokenized-stocks-on-binance,updated 2026-06-29,"2026-10-08T22:24Z, reread 23:21Z to 23:22Z, searched again 23:32Z","browser, full text","issuer and affiliate wording, backing, rights, multiplier, conversion, 24/7 spot trading, issuer and custody risk, proof-of-collateral pointer, disclaimer; no mention of voting or insolvency"
terms,"bStocks (Conversion) Product Terms, Version 1.0",Binance (Nest Trading Limited),https://www.binance.com/en/about-legal/product-terms-minting-redemption,effective 2026-06-11,"2026-10-08T22:33Z, clauses reread 23:20Z to 23:21Z, searched again 23:32Z","browser, PDF text extracted page by page. The PDF, 215,034 bytes, has a SHA-256 equal to its file name, 97e1b675b136f1c7459c01b3cd0a680518dbf11d38cc843a5fa44bfb6b535f73","issuer, custodian and depository names, 1(a) beneficial interest, 3(b) and 3(c) principal and closed loop, 4(b) Regulation S and no Securities Act registration, U.S. Prohibited Person definition, 6(d), 7(b) and 7(c) redemption in shares, 8(a) to 8(d) restrictions and freezes, 10(a) no conversion fee, 11(a) to 11(c) timing, rejection and suspension; no mention of voting or insolvency"
adgm_entities,Binance ADGM entities statement (site footer),Binance,https://www.binance.com/en/about-legal/product-terms-minting-redemption,not dated,2026-10-08T22:34Z,browser,"names and FSRA roles of Nest Exchange, Nest Clearing and Custody, Nest Trading"
collateral,"Proof of Collateral, bStocks",Binance,https://www.binance.com/en/proof-of-collateral/bstocks,entries updated through 2026-10-07,2026-10-08T22:25:57Z and 23:26Z,browser,"87 entries at both reads, none for USDEB, JPMB, LLYB or SECZB. At the second read some entries showed update times of 10/08/2026 23:25 and 23:26"
bscscan_token,"USDEB token page, transfers filtered by the zero address, holders",BscScan,https://bscscan.com/token/0xdfd3ba51d4591f243481a6f26059d1a5ee95252f,live,2026-10-08T22:26Z to 22:40Z,browser,"name tag, supply, holders, independent list of mints and burns"
ethena_overview,Ethena Overview,Ethena documentation,https://docs.ethena.fi/,live,2026-10-08T22:35Z,browser,definition of USDe
ethena_ena,ENA,Ethena documentation,https://docs.ethena.fi/overview/ena,live,2026-10-08T22:35Z,browser,definition of ENA
ethena_addresses,Key Addresses,Ethena documentation,https://docs.ethena.fi/technical-design/key-addresses,live,2026-10-08T22:35Z,browser,"USDe and ENA contract addresses, BNB among the chains"
prospectus,Prospectus (424B3),StablecoinX Inc.,https://www.sec.gov/Archives/edgar/data/2080215/000121390026099731/ea0305435-424b3_stable.htm,2026-09-14,"2026-10-08T22:37Z, searched again 23:26Z and 23:58Z",browser text search,"Nasdaq symbols USDE and USDEW, treasury strategy focused on ENA, dividend policy, Class A count of 24,029,375 as of 2026-08-28, no mention of USDEB, no CUSIP printed"
edgar,"EDGAR submissions file, CIK 0002080215",SEC,https://data.sec.gov/submissions/CIK0002080215.json,live,"2026-10-08T22:20Z, 23:26Z and 23:58Z",browser,"67 filings at both reads, newest five Forms 4 of 2026-10-02, tickers USDE and USDEW"
lighter,"orderBookDetails, market 229",Lighter,https://mainnet.zklighter.elliot.ai/api/v1/orderBookDetails?market_id=229,live,2026-10-08T22:36:17Z,browser fetch,perpetual market symbol STABLECOINX
dashboard_code,"EthenaDAT commits caebf56 (USDEB panel) and 2bc52fa (flow history), unchanged in these files at e7fb070. README sections StablecoinX tokenized equity and USDEB supply-flow history, docs/index.html tokenized and Lighter panels, docs/assets/tokenized.js",EthenaDash,https://ethenadash.com/stablecoinx/,2026-10-08,"2026-10-08T22:10Z, diff 2bc52fa..e7fb070 checked 23:12Z",git,"what the panel measures and leaves out, the latest-close value basis, the six-hour gate, the Lighter STABLECOINX panel, the Class A derivation table"
stockanalysis,USDE stock price history,"StockAnalysis, data from S&P Global",https://stockanalysis.com/stocks/usde/history/,live,"2026-10-08T22:31Z and 23:16Z by fetch tool, 23:16Z in a browser",the fetch tool twice returned a copy cached at 9:40 AM EDT with an unfinished October 8 bar. The browser read after the close showed At close Oct 8 2026 4:00 PM EDT,October 8 close 12.79 and October 7 close 13.82
admission_notice,"Admission to Trading Notice bStocks (JPMB, LLYB, SECZB, USDEB)",Binance RIE (Nest Exchange Limited),https://www.binance.com/en/about-legal/admission-trading-notices-20061007,2026-10-07,"2026-10-08T23:25Z, searched again 23:32Z","browser, PDF text extracted page by page. The PDF, 130,097 bytes, has a SHA-256 equal to its file name, abd738a71ae636b846b768ad97e1d2f4cebd42ed7fae7391d53a8530033de229","admission at 16:00 UTC+4 on 2026-10-07, ISIN AE000A4AXP07, up to 1,200,000 USDEB admitted at the admission time, USDEB/USDT pair, trading hours split between the exchange and the MTF, trading bands of about 20% around the Nasdaq price, disclaimer; no mention of voting or insolvency"
bstocks_prospectuses,"bStocks Prospectuses, approved prospectuses for bStocks digital securities","Binance, source ADGM",https://www.binance.com/en/about-legal-disclosures/bstocks-digital-securities-documentation-prospectuses,live,2026-10-08T23:23Z,"browser, list of entries and links only, no document opened","20 entries on the page, newest approval 2026-09-22, none for USDEB or the other three October 7 tokens"
adgm,About ADGM,Abu Dhabi Global Market,https://www.adgm.com/about-adgm,live,2026-10-08T23:29Z,fetch tool,ADGM described as an international financial centre applying English common law
dashboard_data,EthenaDash dataset docs/data.json at commit e7fb070,EthenaDash,https://ethenadash.com/stablecoinx/,2026-10-08T22:25:17Z,2026-10-08T23:14Z,"git, saved as inputs/data_e7fb070.json",USDE close for 2026-10-08 and the Class A count the panel used at the cutoff
prospectus_supplement_1,"Prospectus Supplement No. 1 to the prospectus of September 14, 2026 (424B3)",StablecoinX Inc.,https://www.sec.gov/Archives/edgar/data/2080215/000121390026100754/ea0305686-424b3_stablecoinx.htm,2026-09-17,2026-10-08T23:58Z,browser text search,confirms the supplement attaches the waiver 8-K and changes none of the facts cited from the prospectus
