first_spend_week,wallets,week_1,week_2,week_3,week_4,week_5,week_6,week_7,week_8,week_1_share,week_2_share,week_3_share,week_4_share,week_5_share,week_6_share,week_7_share,week_8_share
2026-06-01,5,4,0,0,0,0,0,0,0,0.8,0.0,0.0,0.0,0.0,0.0,0.0,0.0
2026-06-08,6,4,3,3,3,3,1,1,1,0.666667,0.5,0.5,0.5,0.5,0.166667,0.166667,0.166667
2026-06-15,13,10,9,8,8,10,9,10,8,0.769231,0.692308,0.615385,0.615385,0.769231,0.692308,0.769231,0.615385
2026-06-22,3,3,2,2,3,2,2,3,2,1.0,0.666667,0.666667,1.0,0.666667,0.666667,1.0,0.666667
2026-06-29,1,1,1,1,1,1,1,1,1,1.0,1.0,1.0,1.0,1.0,1.0,1.0,1.0
2026-07-06,10,7,7,6,5,5,6,5,4,0.7,0.7,0.6,0.5,0.5,0.6,0.5,0.4
2026-07-13,2,1,2,1,1,2,2,2,2,0.5,1.0,0.5,0.5,1.0,1.0,1.0,1.0
2026-07-20,5,5,5,5,4,5,5,5,5,1.0,1.0,1.0,0.8,1.0,1.0,1.0,1.0
2026-07-27,19,11,11,10,14,14,13,14,12,0.578947,0.578947,0.526316,0.736842,0.736842,0.684211,0.736842,0.631579
2026-08-03,12,8,8,7,7,7,7,7,7,0.666667,0.666667,0.583333,0.583333,0.583333,0.583333,0.583333,0.583333
2026-08-10,16,15,11,13,14,13,14,13,,0.9375,0.6875,0.8125,0.875,0.8125,0.875,0.8125,
2026-08-17,17,12,14,14,11,11,15,,,0.705882,0.823529,0.823529,0.647059,0.647059,0.882353,,
2026-08-24,22,13,14,11,10,10,,,,0.590909,0.636364,0.5,0.454545,0.454545,,,
2026-08-31,126,104,88,91,89,,,,,0.825397,0.698413,0.722222,0.706349,,,,
2026-09-07,92,74,61,72,,,,,,0.804348,0.663043,0.782609,,,,,
2026-09-14,173,136,124,,,,,,,0.786127,0.716763,,,,,,
2026-09-21,128,100,,,,,,,,0.78125,,,,,,,
2026-09-28,147,,,,,,,,,,,,,,,,
