series,unix_ts,price_usd
utc0000,1788048000,0.15947156146485272
utc0000,1788134400,0.1481132697797233
utc0000,1788220800,0.14948383560620904
utc0000,1788307200,0.15931795974490448
utc0000,1788393600,0.14910636592243262
utc0000,1788480000,0.16841290154093247
utc0000,1788566400,0.1627970751076345
utc0000,1788652800,0.17193292376015662
utc0000,1788739200,0.17616469272611565
utc0000,1788825600,0.16403690003492655
utc0000,1788912000,0.15929045419730029
utc0000,1788998400,0.1520837563306093
utc0000,1789084800,0.14289204926920415
utc0000,1789171200,0.1403233235870782
utc0000,1789257600,0.14237436516719906
utc0000,1789344000,0.13620072177140474
utc0000,1789430400,0.14318325499672668
utc0000,1789516800,0.13956582809888024
utc0000,1789603200,0.14860521130158866
utc0000,1789689600,0.15461109017158026
utc0000,1789776000,0.16830004595938555
utc0000,1789862400,0.20417370081486114
utc0000,1789948800,0.2169872766148059
utc0000,1790035200,0.2123779826618508
utc0000,1790121600,0.21630344172998903
utc0000,1790208000,0.2060619294428694
utc0000,1790294400,0.22450836466934532
utc0000,1790380800,0.2678191604871833
utc0000,1790467200,0.2694773011862045
utc0000,1790553600,0.27216278352977324
utc0000,1790640000,0.25659323245587395
utc0000,1790726400,0.24828668475295534
utc0000,1790812800,0.2647587928272459
utc0000,1790899200,0.24321125119897466
utc0000,1790985600,0.23229493792934192
utc0000,1791072000,0.23910098367658664
utc0000,1791158400,0.24132714027052574
utc2000,1787947200,0.1596598456097463
utc2000,1788033600,0.15581999248513198
utc2000,1788120000,0.15989669553926594
utc2000,1788206400,0.14916133843101184
utc2000,1788292800,0.15706135873253674
utc2000,1788379200,0.14887985700223533
utc2000,1788465600,0.17073903684554667
utc2000,1788552000,0.16352344033662475
utc2000,1788638400,0.16392975360545814
utc2000,1788724800,0.1754680440833475
utc2000,1788811200,0.16632498405702784
utc2000,1788897600,0.15951028228398512
utc2000,1788984000,0.15275926907402246
utc2000,1789070400,0.14377670709745843
utc2000,1789156800,0.1424035618279356
utc2000,1789243200,0.1408124624101331
utc2000,1789329600,0.13891792603905398
utc2000,1789416000,0.14561342188312817
utc2000,1789502400,0.14108764412592076
utc2000,1789588800,0.1463756795430663
utc2000,1789675200,0.1535770940495453
utc2000,1789761600,0.1677030713512977
utc2000,1789848000,0.20586780930192303
utc2000,1789934400,0.2215480507809076
utc2000,1790020800,0.21355541920954313
utc2000,1790107200,0.20778407928726572
utc2000,1790193600,0.2060202465057411
utc2000,1790280000,0.22250819300638014
utc2000,1790366400,0.26172564636081563
utc2000,1790452800,0.2720095991038241
utc2000,1790539200,0.2862922176639909
utc2000,1790625600,0.26030831684744127
utc2000,1790712000,0.2500299462939067
utc2000,1790798400,0.26311092469590835
utc2000,1790884800,0.24644541951581628
utc2000,1790971200,0.23543379343142629
utc2000,1791057600,0.2382820472129909
utc2000,1791144000,0.23959561763597623
