accession,document,filer_cik,filer,period,filed,name_of_issuer,title_of_class,cusip,value_usd,shares,ssh_type,put_call,investment_discretion,voting_sole,voting_shared,voting_none,note
0002145813-26-000001,awf.xml,2145813,Kingsway Capital Partners Ltd,2026-06-30,2026-08-03,StablecoinX Inc.,SHS CL A,85238K100,264118,300000,SH,,SOLE,300000,0,0,
0001104659-26-096351,infotable.xml,1836733,"Ribbit Management Company, LLC",2026-06-30,2026-08-14,STABLECOINX INC,SHS CL A,85238K100,1246275,453191,SH,,SOLE,453191,0,0,
0001420506-26-001815,Form13F_InfoTable.xml,1919332,ParaFi Capital LP,2026-06-30,2026-08-14,STABLECOINX INC,SHS CL A,85238K100,1132725,411900,SH,,SOLE,411900,0,0,
0001420506-26-001716,Form13F_InfoTable.xml,2067181,Pantera Capital Partners LP,2026-06-30,2026-08-14,STABLECOINX INC,SHS CL A,85238K100,571871,207953,SH,,SOLE,207953,0,0,
0001859392-26-000095,information_table.xml,1859392,Galaxy Digital Inc.,2026-06-30,2026-08-14,STABLECOINX INC,SHS CL A,85238K100,166205,60438,SH,,DFND,60438,0,0,
0001881567-26-000005,CSG-ADJUSTED-13F-2026Q2.xml,1881567,Clear Street Group Inc.,2026-06-30,2026-08-12,STABLECOINX INC,SHS CL A,85238K100,28,10,SH,,SOLE,10,0,0,
0000038777-26-000222,infotable.xml,38777,FRANKLIN RESOURCES INC,2026-06-30,2026-08-13,STABLECOINX INC,SHS CL A,85238K100,170807,98165,SH,,DFND,98165,0,0,
0001315863-26-000591,vradvisory2q2026.inftbl.xml,1348145,VR Advisory Services Ltd,2026-06-30,2026-08-14,STABLECOINX INC,*W EXP 06/25/203,85238K118,82000,200000,SH,,SOLE,200000,0,0,
0001193125-26-345031,56906.xml,1858703,Blue Owl Capital Holdings LP,2026-06-30,2026-08-11,STABLECOINX INC,*W EXP 06/25/203,85238K118,102500,250000,SH,,DFND,0,0,0,
0001420506-26-001553,Form13F_InfoTable.xml,1584639,"Yakira Capital Management, Inc.",2026-06-30,2026-08-13,STABLECOINX INC,*W EXP 06/25/203,85238K118,47553,115993,SH,,SOLE,115993,0,0,
0001595082-26-000069,Form13FHRInformation.xml,1595082,DAVIDSON KEMPNER CAPITAL MANAGEMENT LP,2026-06-30,2026-08-14,STABLECOINX INC,*W EXP 06/25/203,85238K118,143500,350000,SH,,SOLE,0,0,0,
0001910592-26-000009,harraden13fq22026.xml,1910592,"Harraden Circle Investments, LLC",2026-06-30,2026-08-14,STABLECOINX INC,*W EXP 06/25/203,85238K118,266633,650384,SH,,SOLE,0,0,0,
0001062993-26-004420,form13fInfoTable.xml,1510281,"Saba Capital Management, L.P.",2026-06-30,2026-08-14,STABLECOINX INC,*W EXP 06/25/203,85238K118,403740,984852,SH,,SOLE,984852,0,0,
0001666606-26-000007,13FFilingQ22026.xml,1666606,Mint Tower Capital Management B.V.,2026-06-30,2026-08-18,STABLECOINX INC,*W EXP 06/25/203,85238K118,10,25000,SH,,SOLE,25000,0,0,
0001578299-26-000006,infotable.xml,1578299,"DLD Asset Management, LP",2026-06-30,2026-08-13,STABLECOINX INC,*W EXP 06/25/203,85238K118,41000,100001,SH,,SOLE,100001,0,0,
0001193125-26-344570,56873.xml,1695320,PERISCOPE CAPITAL INC.,2026-06-30,2026-08-11,STABLECOINX INC,*W EXP 06/25/203,85238K118,8199,20000,SH,,SOLE,0,0,20000,
0001172661-26-003655,infotable.xml,1766806,Shaolin Capital Management LLC,2026-06-30,2026-08-14,STABLECOINX INC,*W EXP 06/25/203,85238K118,31544,76937,SH,,SOLE,76937,0,0,
0001346554-26-000076,infotable.xml,1346554,"TENOR CAPITAL MANAGEMENT Co., L.P.",2026-06-30,2026-08-14,STABLECOINX INC,*W EXP 06/25/203,85238K118,20500,50000,SH,,SOLE,50000,0,0,
0001167456-26-000004,infotable.xml,1167456,AQR Arbitrage LLC,2026-06-30,2026-08-14,STABLECOINX INC,*W EXP 06/25/203,85238K118,93108,227093,SH,,DFND,227093,0,0,
0001193125-26-350767,56990.xml,1279396,LINDEN ADVISORS LP,2026-06-30,2026-08-14,STABLECOINX INC,RT,85238K118,172125,424999,SH,,SOLE,397556,27443,0,title says RT but CUSIP is the public warrant's
0001881567-26-000005,CSG-ADJUSTED-13F-2026Q2.xml,1881567,Clear Street Group Inc.,2026-06-30,2026-08-12,STABLECOINX INC,*W EXP 06/25/203,85238K118,36714,89547,SH,,SOLE,89547,0,0,
0001257391-26-000006,whitebox13fq22026v6.xml,1257391,WHITEBOX ADVISORS LLC,2026-06-30,2026-08-14,STABLECOINX INC,*W EXP 06/25/203,85238K118,14299,34875,SH,,SOLE,0,0,0,
0001326389-26-000062,polar_infotable_0626.xml,1326389,Polar Asset Management Partners Inc.,2026-06-30,2026-08-14,STABLECOINX INC,*W EXP 06/25/203,85238K118,137350,335000,SH,,SOLE,335000,0,0,
0001080171-26-000008,13FXML_2026_Q2.xml,1080171,"ARISTEIA CAPITAL, L.L.C.",2026-06-30,2026-08-14,STABLECOINX INC,*W EXP 06/25/203,85238K118,295596,721055,SH,,SOLE,721055,0,0,
0001316507-26-000003,infotable.xml,1316507,Calamos Advisors LLC,2026-06-30,2026-07-31,STABLECOINX INC,*W EXP 06/25/203,85238K118,134765,328694,SH,,SOLE,328694,0,0,
0001533964-26-000012,form13fInfoTable.xml,1533964,Virtu Financial LLC,2026-06-30,2026-08-13,STABLECOINX INC,*W EXP 06/25/203,85238K118,6,15172,SH,,DFND,15172,0,0,
0001172661-26-003723,infotable.xml,1521001,"Parallax Volatility Advisers, L.P.",2026-06-30,2026-08-14,STABLECOINX INC,*W EXP 06/25/203,85238K118,11952,29150,SH,,SOLE,29150,0,0,
0001454027-26-000003,13F_Verition.xml,1454027,Verition Fund Management LLC,2026-06-30,2026-08-14,STABLECOINX INC,*W EXP 06/25/203,85238K118,107791,262904,SH,,SOLE,262904,0,0,
0001454027-26-000004,13F_Verition.xml,1454027,Verition Fund Management LLC,2026-06-30,2026-08-14,STABLECOINX INC,*W EXP 06/25/203,85238K118,107791,262904,SH,,SOLE,262904,0,0,13F-HR/A repeating the original's row; counted once
0001665241-26-000002,infotable.xml,1665241,Schonfeld Strategic Advisors LLC,2026-06-30,2026-08-14,STABLECOINX INC,*W EXP 06/25/203,85238K118,5166,12600,SH,,SOLE,0,0,12600,
0001446114-26-000012,infotable.xml,1446114,Ancora Advisors LLC,2026-06-30,2026-08-14,STABLECOINX INC WTS,WT,85238k118,2049,5000,SH,,SOLE,5000,0,0,
0000919574-26-005520,infotable.xml,1603466,"Point72 Asset Management, L.P.",2026-06-30,2026-08-14,STABLECOINX INC,*W EXP 06/25/203,85238K118,57605,140500,SH,,DFND,0,140500,0,
0001273087-26-000007,MLP_Filing_20260630.xml,1273087,MILLENNIUM MANAGEMENT LLC,2026-06-30,2026-08-14,STABLECOINX INC,*W EXP 06/25/203,85238K118,12299,30000,SH,Call,SOLE,0,0,30000,reported as a call
0001104659-26-097217,infotable.xml,1009207,"D. E. Shaw & Co., Inc.",2026-06-30,2026-08-14,STABLECOINX INC,*W EXP 06/25/203,85238K118,82000,200000,SH,,DFND,200000,0,0,
0000886982-26-000519,InfoTable_2026-08-13_Final_1.xml,886982,GOLDMAN SACHS GROUP INC,2026-06-30,2026-08-14,STABLECOINX INC,WTS,85238K118,101485,247546,SH,,DFND,247546,0,0,
0001848237-26-000013,skyview13f06302026.xml,1848237,"SkyView Investment Advisors, LLC",2026-06-30,2026-09-15,WTS/TLGY ACQUISITION CORPORATION11.5000EXP06/26/32,COM,85238K118,12,30000,SH,,,,,,found by searching TLGY
