key,value,unit,as_of,source,location
class_a_outstanding_aug28,24029375,shares,2026-08-28,Resale prospectus (424B3) of September 14 2026,"The Offering, page 7. Shares Eligible for Future Sale, page 100"
freely_tradable_aug28,19063653,shares,2026-08-28,Resale prospectus,"Shares Eligible for Future Sale, page 100. The prospectus says approximately"
class_b_outstanding,3157754,shares,2026-08-28,Resale prospectus,"Beneficial Ownership of Securities, page 87. Shares Eligible for Future Sale, page 100"
bc_shares_offered_for_resale,4965722,shares,2026-08-28,Resale prospectus,"The Offering, page 7. Selling Stockholders, page 89"
rsu_shares_offered,78635,shares,2026-08-28,Resale prospectus,"The Offering, page 7. RSUs vest on December 25 2026, page 3"
warrant_shares_offered_by_selling_holders,7624586,shares,2026-08-28,Resale prospectus,"The Offering, page 7"
total_offered_by_selling_holders,12668943,shares,2026-08-28,Resale prospectus,"Selling Stockholders, page 89"
public_warrants,11500000,warrants,2026-08-28,Resale prospectus,"The Offering, page 7"
tranche_a_sponsor_warrants,3267679,warrants,2026-08-28,Resale prospectus,"The Offering, page 7"
tranche_b_sponsor_warrants,4356907,warrants,2026-08-28,Resale prospectus,"The Offering, page 7"
placement_shares_total,20775272,shares,2026-06-25,Resale prospectus,"Prospectus summary, page 3. Related party transactions, page 84. F-16 share table"
ethena_placement_shares,1807968,shares,2026-06-25,Resale prospectus,"Prospectus summary, page 3. Related party transactions, page 84"
ethena_contribution_shares,1813164,shares,2026-06-25,Resale prospectus,"Prospectus summary, page 2. F-15 note and F-16 share table"
legacy_sc_assets_shares,700000,shares,2026-06-25,Resale prospectus,"MD&A, page 49. F-16 share table"
tlgy_insider_retained_shares,644590,shares,2026-06-25,Resale prospectus and closing 8-K,"MD&A, page 50, and F-15 note. Closing 8-K, Item 2.01, which puts their Class B at about 20.41% of the vote"
tlgy_founder_shares_exchanged,5449700,shares,2026-06-25,Resale prospectus,"MD&A, page 50, and F-15 note"
tlgy_private_warrants_exchanged,11259500,warrants,2026-06-25,Resale prospectus,"MD&A, page 50, and F-15 note"
public_shares_redeemed_8k,379721,shares,2026-06-25,Closing 8-K filed July 2 2026,"Item 2.01. About $13.35 a share, about $5,068,095 in all"
redemption_in_share_table,393538,shares,2026-06-25,Resale prospectus,F-16 share table
holders_of_record_class_a,60,holders,2026-08-28,Resale prospectus,"Market Information, page 48"
holders_of_record_class_b,23,holders,2026-08-28,Resale prospectus,"Market Information, page 48"
holders_of_record_public_warrants,1,holders,2026-08-28,Resale prospectus,"Market Information, page 48"
closing_date,2026-06-25,date,,Resale prospectus and closing 8-K,Prospectus summary page 2. 8-K Item 2.01
first_trading_day,2026-06-26,date,,Closing 8-K,Item 2.01
lockup_months_after_closing,6,months,,Resale prospectus and closing 8-K,"Shares Eligible for Future Sale page 100. Related party transactions page 83. 8-K Item 1.01"
form10_information_filed,2026-07-02,date,,EDGAR filing index for accession 0001213900-26-074559,"Filing Date 2026-07-02, accepted 2026-07-01 21:57:43"
resale_registration_effective,2026-09-14T16:00,date and time,,EDGAR notice of effectiveness for file 333-298674,"Effectiveness Date September 14, 2026 4:00 P.M."
director_restricted_shares_each,22000,shares,2026-09-30,Forms 4 filed October 2 2026,"Table I and footnote 1, five directors"
directors_with_awards,5,people,2026-09-30,Forms 4 filed October 2 2026,Five filings
ethena_class_b_pct,57.42,percent of Class B,2026-08-28,Resale prospectus,"Beneficial Ownership of Securities, page 87"
officers_directors_class_b_pct,34.71,percent of Class B,2026-08-28,Resale prospectus,"Beneficial Ownership of Securities, page 87"
tlgy_former_chairman_class_b_pct,4.91,percent of Class B,2026-08-28,Resale prospectus,"Beneficial Ownership of Securities, page 87"
officers_directors_class_b,1096130,shares,2026-08-28,Resale prospectus,"Beneficial Ownership of Securities, page 87"
tlgy_former_chairman_class_b,155111,shares,2026-08-28,Resale prospectus,"Beneficial Ownership of Securities, page 87"
equity_plan_reserve,1802203,shares,2026-09-03,Form S-8,Explanatory note
dashboard_class_a_oct8,24139375,shares,2026-10-08,EthenaDash docs/data.json at commit 1cc3b05,shares_outstanding
ena_contributed,284954407.29,ENA,2026-06-25,Resale prospectus,"Note F-15"
contribution_agreement_value_usd,60000000,USD,2025-07-21,Resale prospectus,"Related party transactions, page 84. Locked ENA valued at $0.21056 a token, a 30% discount to $0.3008"
contribution_price_per_ena,0.21056,USD,2025-07-21,Resale prospectus,"Related party transactions, page 84"
contribution_agreement_date,2025-07-21,date,,Resale prospectus,"Related party transactions, page 84"
svj_cash_contribution_usd,22500,USD,2025-06-30,Resale prospectus,"Software License Agreement, page 85"
retained_share_pct_agreed,3,percent of Class A,2025-09-05,Resale prospectus and closing 8-K,"Sponsor support agreement, page 83. 8-K Item 2.01"
private_warrant_price_usd,1.00,USD,,Merger prospectus,"Interests of the sponsors. The Former Sponsor bought 11,259,500 private placement warrants for $11,259,500 in private placements that closed with TLGY's initial public offering"
public_warrant_strike,11.50,USD,,Resale prospectus,"The Offering, page 7"
tranche_b_strike,15.00,USD,,Resale prospectus,"The Offering, page 7"
redemption_price_8k,13.35,USD per share,2026-06-25,Closing 8-K,"Item 2.01, about $13.35"
public_warrants_8k,11499988,warrants,2026-06-25,Closing 8-K,"Form 10 information, which also counts 138 Class A holders of record at closing. 12 fewer than the 11,500,000 in the 10-Q and the resale prospectus. The dashboard carries 11,499,988"
lockup_board_release,1,flag,,Merger prospectus,"Annex L, form of lock-up agreement, section 1(e). The board may release any holder if it releases the others to the same relative extent"
