document,url,document_date,read_utc,method
Resale prospectus (Form 424B3),https://www.sec.gov/Archives/edgar/data/2080215/000121390026099731/ea0305435-424b3_stable.htm,2026-09-14,2026-10-09T02:12Z to 02:52Z,"Read in a browser. Phrase and page check at 02:52:27Z"
Closing 8-K with Form 10 information,https://www.sec.gov/Archives/edgar/data/2080215/000121390026074559/ea0296210-8k_stablecoinx.htm,2026-07-02,2026-10-09T02:31Z to 02:53Z,"Read in a browser. Phrase check at 02:53:12Z"
EDGAR filing index for the closing 8-K,https://www.sec.gov/Archives/edgar/data/2080215/000121390026074559/0001213900-26-074559-index.htm,2026-07-02,2026-10-09T02:32Z and 02:41Z,Read in a browser. Filing date and exhibit list
Merger proxy statement and prospectus (Form 424B3),https://www.sec.gov/Archives/edgar/data/2080215/000121390026017462/ea0258165-05.htm,2026-02-17,2026-10-09T02:33Z to 02:54Z,"Read in a browser. Phrase check at 02:54:08Z"
Five Forms 4 of directors,https://www.sec.gov/Archives/edgar/data/2080215/000122520826008116/xslF345X06/doc4.xml,2026-10-02,2026-10-09T02:33Z and 02:53:25Z to 02:53:43Z,"One read rendered, all five read as XML. Accessions 0001225208-26-008116 to 008120"
Form S-8,https://www.sec.gov/Archives/edgar/data/2080215/000121390026097183/ea0304267-s8_stablecoinx.htm,2026-09-03,2026-10-09T02:53:43Z,Read in a browser
Form 10-Q for the quarter to June 30 2026,https://www.sec.gov/Archives/edgar/data/2080215/000121390026090250/ea0301482-10q_stable.htm,2026-08-14,2026-10-09T02:53:43Z,Read in a browser. Cover page counts
EDGAR submissions list for CIK 2080215,https://data.sec.gov/submissions/CIK0002080215.json,2026-10-09,2026-10-09T02:34:09Z,Read in a browser
EDGAR full-text search,https://efts.sec.gov/LATEST/search-index?q=%22StablecoinX%22,2026-10-09,2026-10-09T02:35Z to 02:39Z,"Read in a browser. Queries for Schedules 13D and 13G and Form 144, Form 13F-HR, Form NPORT-P, and the CUSIPs 85238K100 and 85238K118"
Form 13F information tables for June 30 2026,see inputs/13f_june30_2026.csv,2026-07-31 to 2026-09-15,2026-10-09T02:36:59Z,"Read in a browser as XML, 34 reports, plus one more found by searching TLGY"
17 CFR 240.13d-1,https://www.ecfr.gov/current/title-17/section-240.13d-1,eCFR current to 2026-10-07,2026-10-09T02:35Z,Read in a browser
17 CFR 240.13f-1,https://www.ecfr.gov/current/title-17/section-240.13f-1,eCFR current to 2026-10-07,2026-10-09T02:39Z,Read in a browser
StockAnalysis USDE price history (S&P Global Market Intelligence),https://stockanalysis.com/stocks/usde/history/,Last updated 2026-10-08,2026-10-09T02:27Z and 02:54:34Z,"Read in a browser, both pages of the table. The reread matched every session"
Yahoo Finance chart data for USDE,https://query1.finance.yahoo.com/v8/finance/chart/USDE?range=6mo&interval=1d,2026-10-08 close,2026-10-09T02:30:05Z,Read in a browser
EthenaDash dataset docs/data.json,https://github.com/QorbQuant/EthenaDAT/blob/1cc3b05/docs/data.json,generated 2026-10-09T02:19:03Z,2026-10-09T02:45Z,Copied from the repository at commit 1cc3b05
Certificate of incorporation (Exhibit 3.1 to the closing 8-K),https://www.sec.gov/Archives/edgar/data/2080215/000121390026074559/ea029621001ex3-1.htm,2026-06-25,2026-10-09T03:21:40Z,"Read in a browser. Section 4.3, voting, dividends, liquidation and Class B transfers"
Bylaws (Exhibit 3.2 to the closing 8-K),https://www.sec.gov/Archives/edgar/data/2080215/000121390026074559/ea029621001ex3-2.htm,2026-06-25,2026-10-09T03:21:55Z,"Read in a browser. Section 7.9(b), Class B transfers"
Notice of effectiveness for file 333-298674,https://www.sec.gov/Archives/edgar/data/2080215/999999999526002962/xslEFFECTX01/primary_doc.xml,2026-09-14,2026-10-09T03:22Z,"Read in a browser. Effectiveness Date September 14, 2026 4:00 P.M."
Form of lock-up agreement (Annex L to the merger prospectus),https://www.sec.gov/Archives/edgar/data/2080215/000121390026017462/ea0258165-05.htm,2026-02-17,2026-10-09T03:22:31Z to 03:22:48Z,"Read in a browser. Also the merger prospectus's description of the lock-up agreements and the registration rights agreement's definition of the lock-up period"
17 CFR 230.144,https://www.ecfr.gov/current/title-17/section-230.144,eCFR current to 2026-10-07,2026-10-09T03:23:17Z,"Read in a browser. Paragraph (i)"
Prospectus supplement No. 1 (Form 424B3),https://www.sec.gov/Archives/edgar/data/2080215/000121390026100754/ea0305686-424b3_stablecoinx.htm,2026-09-17,2026-10-09T03:29:38Z,"Read in a browser. Supplements the resale prospectus with the 8-K of September 17, Items 1.01 and 9.01. No change to the selling stockholders"
