date,usde_close,ena_price,usdew_close,shares_outstanding,ena_holdings,market_cap,ena_nav,nav_per_share,mnav,ena_unlocked,nav_unlocked,nav_unlocked_per_share,mnav_unlocked
2026-06-26,3.7,0.082295,0.5,24029375.0,3029000000.0,88908689.0,249272365.0,10.3737,0.3567,882771136.0,72647887.0,3.0233,1.2238
2026-06-29,3.33,0.076713,0.6800000071525574,24029375.0,3029000000.0,80017817.0,232362245.0,9.6699,0.3444,882771136.0,67719605.0,2.8182,1.1816
2026-06-30,2.75,0.078602,0.4099999964237213,24029375.0,3029000000.0,66080781.0,238086946.0,9.9082,0.2775,882771136.0,69388010.0,2.8876,0.9523
2026-07-01,2.08,0.072049,0.44999998807907104,24029375.0,3029000000.0,49981098.0,218236463.0,9.0821,0.229,882771136.0,63602790.0,2.6469,0.7858
2026-07-02,2.78,0.071221,0.699999988079071,24029375.0,3029000000.0,66801662.0,215728013.0,8.9777,0.3097,882771136.0,62871728.0,2.6165,1.0625
2026-07-06,2.62,0.080564,0.7400000095367432,24029375.0,3029000000.0,62956960.0,244027641.0,10.1554,0.258,882771136.0,71119366.0,2.9597,0.8852
2026-07-07,2.36,0.078294,0.6399999856948853,24029375.0,3029000000.0,56709322.0,237153841.0,9.8693,0.2391,882771136.0,69116066.0,2.8763,0.8205
2026-07-08,2.03,0.075879,0.5299999713897705,24029375.0,3029000000.0,48779631.0,229837357.0,9.5648,0.2122,882771136.0,66983752.0,2.7876,0.7282
2026-07-09,2.19,0.074681,0.6600000262260437,24029375.0,3029000000.0,52624333.0,226207269.0,9.4138,0.2326,882771136.0,65925800.0,2.7436,0.7982
2026-07-10,1.96,0.076386,0.6200000047683716,24029375.0,3029000000.0,47097576.0,231374632.0,9.6288,0.2036,882771136.0,67431775.0,2.8062,0.6984
2026-07-13,1.9,0.079878,0.6000000238418579,24029375.0,3029000000.0,45655812.0,241950067.0,10.0689,0.1887,882771136.0,70513878.0,2.9345,0.6475
2026-07-14,1.78,0.078504,0.6000000238418579,24029375.0,3029000000.0,42772287.0,237788325.0,9.8957,0.1799,882771136.0,69300981.0,2.884,0.6172
2026-07-15,1.82,0.083999,0.6000000238418579,24029375.0,3029000000.0,43733464.0,254431915.0,10.5884,0.1719,882771136.0,74151585.0,3.0859,0.5898
2026-07-16,1.92,0.083481,0.550000011920929,24029375.0,3029000000.0,46136399.0,252864679.0,10.5231,0.1825,882771136.0,73694830.0,3.0669,0.626
2026-07-17,1.74,0.082251,0.550000011920929,24029375.0,3029000000.0,41811113.0,249137591.0,10.368,0.1678,882771136.0,72608608.0,3.0217,0.5758
2026-07-20,1.73,0.079797,0.5299999713897705,24029375.0,3029000000.0,41570819.0,241704506.0,10.0587,0.172,882771136.0,70442312.0,2.9315,0.5901
2026-07-21,1.87,0.082802,0.6399999856948853,24029375.0,3029000000.0,44934931.0,250806871.0,10.4375,0.1792,882771136.0,73095103.0,3.0419,0.6147
2026-07-22,1.87,0.086647,0.5600000023841858,24029375.0,3029000000.0,44934931.0,262454896.0,10.9223,0.1712,882771136.0,76489801.0,3.1832,0.5875
2026-07-23,1.74,0.090121,0.550000011920929,24029375.0,3029000000.0,41811113.0,272975716.0,11.3601,0.1532,882771136.0,79555986.0,3.3108,0.5256
2026-07-24,1.43,0.088795,0.5099999904632568,24029375.0,3029000000.0,34362005.0,268961142.0,11.193,0.1278,882771136.0,78385980.0,3.2621,0.4384
2026-07-27,1.52,0.090213,0.4099999964237213,24029375.0,3029000000.0,36524650.0,273256253.0,11.3718,0.1337,882771136.0,79637746.0,3.3142,0.4586
2026-07-28,1.69,0.082125,0.5,24029375.0,3029000000.0,40609645.0,248757684.0,10.3522,0.1632,882771136.0,72497888.0,3.0171,0.5601
2026-07-29,1.51,0.083383,0.36000001430511475,24029375.0,3029000000.0,36284356.0,252568507.0,10.5108,0.1437,882771136.0,73608514.0,3.0633,0.4929
2026-07-30,1.64,0.078047,0.36000001430511475,24029375.0,3029000000.0,39408175.0,236404216.0,9.8381,0.1667,882771136.0,68897596.0,2.8672,0.572
2026-07-31,1.57,0.081063,0.3700000047683716,24029375.0,3029000000.0,37726120.0,245538754.0,10.2183,0.1536,1190742896.0,96524770.0,4.0169,0.3908
2026-08-03,1.72,0.089258,0.4000000059604645,24029375.0,3029000000.0,41330526.0,270362676.0,11.2513,0.1529,1190742896.0,106283406.0,4.4231,0.3889
2026-08-04,1.98,0.092869,0.44999998807907104,24029375.0,3029000000.0,47578163.0,281301185.0,11.7066,0.1691,1190742896.0,110583489.0,4.602,0.4302
2026-08-05,2.46,0.092262,0.4699999988079071,24029375.0,3029000000.0,59112263.0,279461694.0,11.63,0.2115,1190742896.0,109860359.0,4.5719,0.5381
2026-08-06,2.23,0.092292,0.4000000059604645,24029375.0,3029000000.0,53585507.0,279553619.0,11.6338,0.1917,1190742896.0,109896496.0,4.5734,0.4876
2026-08-07,2.07,0.092678,0.36000001430511475,24029375.0,3029000000.0,49740805.0,280722171.0,11.6825,0.1772,1190742896.0,110355870.0,4.5925,0.4507
2026-08-10,2.16,0.086492,0.3700000047683716,24029375.0,3029000000.0,51903452.0,261984124.0,10.9027,0.1981,1190742896.0,102989678.0,4.286,0.504
2026-08-11,2.4,0.087894,0.4300000071525574,24029375.0,3029000000.0,57670502.0,266231174.0,11.0794,0.2166,1190742896.0,104659254.0,4.3555,0.551
2026-08-12,2.45,0.090061,0.5099999904632568,24029375.0,3029000000.0,58871970.0,272793710.0,11.3525,0.2158,1190742896.0,107239080.0,4.4628,0.549
2026-08-13,2.59,0.086711,0.44999998807907104,24029375.0,3029000000.0,62236079.0,262646314.0,10.9302,0.237,1190742896.0,103249994.0,4.2968,0.6028
2026-08-14,2.93,0.085921,0.5,24029375.0,3029000000.0,70406070.0,260253280.0,10.8306,0.2705,1190742896.0,102309258.0,4.2577,0.6882
2026-08-17,3.02,0.082311,0.6000000238418579,24029375.0,3029000000.0,72568712.0,249318522.0,10.3756,0.2911,1190742896.0,98010650.0,4.0788,0.7404
2026-08-18,2.79,0.083144,0.6000000238418579,24029375.0,3029000000.0,67041955.0,251844056.0,10.4807,0.2662,1190742896.0,99003473.0,4.1201,0.6772
2026-08-19,3.09,0.082691,0.6000000238418579,24029375.0,3029000000.0,74250767.0,250470758.0,10.4235,0.2964,1190742896.0,98463610.0,4.0976,0.7541
2026-08-20,4.0,0.093308,0.7200000286102295,24029375.0,3029000000.0,96117500.0,282629304.0,11.7618,0.3401,1190742896.0,111105591.0,4.6237,0.8651
2026-08-21,7.41,0.116818,1.4500000476837158,24029375.0,3029000000.0,178057665.0,353840661.0,14.7253,0.5032,1190742896.0,139099786.0,5.7887,1.2801
2026-08-24,6.27,0.161352,1.0499999523162842,24029375.0,3029000000.0,150664181.0,488736140.0,20.3391,0.3083,1190742896.0,192129114.0,7.9956,0.7842
2026-08-25,6.06,0.152691,1.340000033378601,24029375.0,3029000000.0,145618011.0,462500024.0,19.2473,0.3148,1190742896.0,181815324.0,7.5664,0.8009
2026-08-26,5.98,0.142904,1.5,24029375.0,3029000000.0,143695663.0,432855041.0,18.0136,0.332,1190742896.0,170161461.0,7.0814,0.8445
2026-08-27,8.07,0.147684,1.7200000286102295,24029375.0,3029000000.0,193917049.0,447334214.0,18.6161,0.4335,1190742896.0,175853429.0,7.3183,1.1027
2026-08-28,6.76,0.170006,1.4800000190734863,24029375.0,3029000000.0,162438580.0,514948630.0,21.43,0.3154,1190742896.0,202433616.0,8.4244,0.8024
2026-08-31,8.87,0.148113,1.7999999523162842,24029375.0,3029000000.0,213140554.0,448635094.0,18.6703,0.4751,1216407209.0,180166049.0,7.4977,1.183
2026-09-01,8.36,0.149484,1.7599999904632568,24029375.0,3029000000.0,200885567.0,452786538.0,18.843,0.4437,1216407209.0,181833215.0,7.5671,1.1048
2026-09-02,7.5,0.159318,1.6799999475479126,24029375.0,3029000000.0,180220312.0,482574100.0,20.0827,0.3735,1216407209.0,193795515.0,8.0649,0.93
2026-09-03,8.77,0.149106,2.1500000953674316,24029375.0,3029000000.0,210737630.0,451643182.0,18.7955,0.4666,1216407209.0,181374058.0,7.548,1.1619
2026-09-04,7.93,0.168413,2.049999952316284,24029375.0,3029000000.0,190552940.0,510122679.0,21.2291,0.3735,1216407209.0,204858667.0,8.5253,0.9302
2026-09-08,7.61,0.164037,2.0899999141693115,24029375.0,3029000000.0,182863547.0,496867770.0,20.6775,0.368,1216407209.0,199535668.0,8.3038,0.9164
2026-09-09,7.24,0.15929,1.899999976158142,24029375.0,3029000000.0,173972670.0,482490786.0,20.0792,0.3606,1216407209.0,193762057.0,8.0635,0.8979
2026-09-10,6.66,0.152084,1.5,24029375.0,3029000000.0,160035634.0,460661698.0,19.1708,0.3474,1216407209.0,184995778.0,7.6987,0.8651
2026-09-11,7.26,0.142892,1.7599999904632568,24029375.0,3029000000.0,174453268.0,432820017.0,18.0121,0.4031,1216407209.0,173814919.0,7.2334,1.0037
2026-09-14,7.44,0.136201,1.75,24029375.0,3029000000.0,178778551.0,412551986.0,17.1687,0.4333,1216407209.0,165675540.0,6.8947,1.0791
2026-09-15,6.12,0.143183,1.7100000381469727,24029375.0,3029000000.0,147059772.0,433702079.0,18.0488,0.3391,1216407209.0,174169144.0,7.2482,0.8444
2026-09-16,6.2,0.139566,1.649999976158142,24029375.0,3029000000.0,148982120.0,422744893.0,17.5928,0.3524,1216407209.0,169768879.0,7.0651,0.8776
2026-09-17,7.71,0.148605,2.200000047683716,24029375.0,3029000000.0,185266482.0,450125185.0,18.7323,0.4116,1216407209.0,180764450.0,7.5226,1.0249
2026-09-18,10.19,0.154611,2.9200000762939453,24029375.0,3029000000.0,244859321.0,468316992.0,19.4894,0.5228,1216407209.0,188070045.0,7.8267,1.302
2026-09-21,12.6,0.216987,3.380000114440918,24029375.0,3029000000.0,302770134.0,657254461.0,27.3521,0.4607,1216407209.0,263944887.0,10.9843,1.1471
2026-09-22,13.54,0.212378,3.509999990463257,24029375.0,3029000000.0,325357737.0,643292909.0,26.7711,0.5058,1216407209.0,258338109.0,10.7509,1.2594
2026-09-23,12.87,0.216303,3.299999952316284,24029375.0,3029000000.0,309258054.0,655183125.0,27.2659,0.472,1216407209.0,263113066.0,10.9496,1.1754
2026-09-24,14.22,0.206062,4.0,24029375.0,3029000000.0,341697719.0,624161584.0,25.9749,0.5475,1216407209.0,250655216.0,10.4312,1.3632
2026-09-25,17.25,0.224508,6.019999980926514,24029375.0,3029000000.0,414506719.0,680035837.0,28.3002,0.6095,1216407209.0,273093593.0,11.365,1.5178
2026-09-28,15.56,0.272163,4.840000152587891,24029375.0,3029000000.0,373897085.0,824381071.0,34.3072,0.4535,1216407209.0,331060772.0,13.7773,1.1294
2026-09-29,15.32,0.256593,4.53000020980835,24029375.0,3029000000.0,368130018.0,777220901.0,32.3446,0.4736,1216407209.0,312121858.0,12.9892,1.1794
2026-09-30,16.08,0.248287,5.170000076293945,24139375.0,3029000000.0,388161148.0,752060368.0,31.1549,0.5161,1470656979.0,365144546.0,15.1265,1.063
2026-10-01,15.51,0.264759,4.699999809265137,24139375.0,3029000000.0,374401712.0,801954383.0,33.2218,0.4669,1470656979.0,389369366.0,16.1301,0.9616
2026-10-02,14.15,0.243211,4.0,24139375.0,3029000000.0,341572147.0,736686880.0,30.5181,0.4637,1470656979.0,357680324.0,14.8173,0.955
2026-10-05,14.96,0.241327,4.440000057220459,24139375.0,3029000000.0,361125051.0,730979908.0,30.2816,0.494,3029000000.0,730979908.0,30.2816,0.494
2026-10-06,14.33,0.249322,4.059999942779541,24139375.0,3029000000.0,345917242.0,755197593.0,31.2849,0.458,3029000000.0,755197593.0,31.2849,0.458
2026-10-07,13.73,0.225152,4.110000133514404,24139375.0,3029000000.0,331433608.0,681985967.0,28.252,0.486,3029000000.0,681985967.0,28.252,0.486
