date,volume,cumulative_volume,cumulative_times_free
2026-06-26,435953,435953,0.0229
2026-06-29,342275,778228,0.0408
2026-06-30,256738,1034966,0.0543
2026-07-01,13504655,14539621,0.7627
2026-07-02,50854315,65393936,3.4303
2026-07-06,2475645,67869581,3.5602
2026-07-07,1142848,69012429,3.6201
2026-07-08,1014619,70027048,3.6733
2026-07-09,1845093,71872141,3.7701
2026-07-10,892907,72765048,3.8170
2026-07-13,571460,73336508,3.8469
2026-07-14,1465883,74802391,3.9238
2026-07-15,738790,75541181,3.9626
2026-07-16,752474,76293655,4.0020
2026-07-17,528088,76821743,4.0297
2026-07-20,357592,77179335,4.0485
2026-07-21,615147,77794482,4.0808
2026-07-22,858006,78652488,4.1258
2026-07-23,908254,79560742,4.1734
2026-07-24,1122914,80683656,4.2323
2026-07-27,529326,81212982,4.2601
2026-07-28,625201,81838183,4.2929
2026-07-29,401609,82239792,4.3140
2026-07-30,413234,82653026,4.3356
2026-07-31,441014,83094040,4.3588
2026-08-03,391508,83485548,4.3793
2026-08-04,530597,84016145,4.4071
2026-08-05,916363,84932508,4.4552
2026-08-06,210386,85142894,4.4662
2026-08-07,321746,85464640,4.4831
2026-08-10,318182,85782822,4.4998
2026-08-11,465213,86248035,4.5242
2026-08-12,206481,86454516,4.5350
2026-08-13,369661,86824177,4.5544
2026-08-14,662693,87486870,4.5892
2026-08-17,603273,88090143,4.6208
2026-08-18,376766,88466909,4.6406
2026-08-19,541197,89008106,4.6690
2026-08-20,6979500,95987606,5.0351
2026-08-21,98971190,194958796,10.2267
2026-08-24,13946642,208905438,10.9583
2026-08-25,4312545,213217983,11.1845
2026-08-26,1654127,214872110,11.2713
2026-08-27,21667372,236539482,12.4079
2026-08-28,5594577,242134059,12.7013
2026-08-31,10422199,252556258,13.2481
2026-09-01,4911094,257467352,13.5057
2026-09-02,3149258,260616610,13.6709
2026-09-03,6839576,267456186,14.0296
2026-09-04,4189359,271645545,14.2494
2026-09-08,2219999,273865544,14.3658
2026-09-09,3518944,277384488,14.5504
2026-09-10,2418070,279802558,14.6773
2026-09-11,3771240,283573798,14.8751
2026-09-14,2064314,285638112,14.9834
2026-09-15,3231877,288869989,15.1529
2026-09-16,1408720,290278709,15.2268
2026-09-17,14316923,304595632,15.9778
2026-09-18,14892262,319487894,16.7590
2026-09-21,10660834,330148728,17.3182
2026-09-22,5427338,335576066,17.6029
2026-09-23,2772599,338348665,17.7484
2026-09-24,5603034,343951699,18.0423
2026-09-25,8004617,351956316,18.4622
2026-09-28,4079763,356036079,18.6762
2026-09-29,4182448,360218527,18.8956
2026-09-30,5261545,365480072,19.1716
2026-10-01,2146398,367626470,19.2842
2026-10-02,2764047,370390517,19.4291
2026-10-05,4741471,375131988,19.6779
2026-10-06,1799288,376931276,19.7722
2026-10-07,2046789,378978065,19.8796
2026-10-08,1794989,380773054,19.9738
