date,locked_original_schedule,locked_after_waiver
2025-07-31,1231887038,1231887038
2025-09-30,2146228864,2146228864
2026-07-31,1838257105,1838257105
2026-08-31,1812592791,1812592791
2026-09-30,1558343021,1558343021
2026-10-05,1558343021,0
2026-10-30,1539294233,0
2026-10-31,1513629920,0
2026-11-30,1468916819,0
2026-12-30,1449868031,0
2026-12-31,1424203717,0
2027-01-30,1405154929,0
2027-01-31,1379490616,0
2027-02-28,1334777515,0
2027-03-30,1315728727,0
2027-03-31,1290064413,0
2027-04-30,1245351312,0
2027-05-30,1226302524,0
2027-05-31,1200638211,0
2027-06-30,1155925109,0
2027-07-30,1136876321,0
2027-07-31,1111212008,0
2027-08-30,1092163220,0
2027-08-31,1066498907,0
2027-09-30,1021785805,0
2027-10-30,1002737017,0
2027-10-31,977072704,0
2027-11-30,932359603,0
2027-12-30,913310815,0
2027-12-31,887646501,0
2028-01-30,868597713,0
2028-01-31,842933400,0
2028-02-29,798220299,0
2028-03-30,779171511,0
2028-03-31,753507197,0
2028-04-30,708794096,0
2028-05-30,689745308,0
2028-05-31,664080995,0
2028-06-30,619367893,0
2028-07-30,600319105,0
2028-07-31,574654792,0
2028-08-30,555606004,0
2028-08-31,529941691,0
2028-09-30,485228589,0
2028-10-30,466179801,0
2028-10-31,440515488,0
2028-11-30,395802387,0
2028-12-30,376753599,0
2028-12-31,351089285,0
2029-01-30,332040497,0
2029-01-31,306376184,0
2029-02-28,261663083,0
2029-03-30,242614295,0
2029-03-31,216949981,0
2029-04-30,172236880,0
2029-05-30,153188092,0
2029-05-31,127523779,0
2029-06-30,82810677,0
2029-07-30,63761889,0
2029-07-31,38097576,0
2029-08-30,19048788,0
2029-09-30,0,0
