date,close,volume_spglobal,volume_yahoo,volume_pct_of_free,cumulative_volume,cumulative_times_free
2026-06-26,3.70,435953,436000,2.29,435953,0.0229
2026-06-29,3.33,342275,342300,1.80,778228,0.0408
2026-06-30,2.75,256738,256700,1.35,1034966,0.0543
2026-07-01,2.08,13504655,13504700,70.84,14539621,0.7627
2026-07-02,2.78,50854315,50854300,266.76,65393936,3.4303
2026-07-06,2.62,2475645,2475600,12.99,67869581,3.5602
2026-07-07,2.36,1142848,1142800,5.99,69012429,3.6201
2026-07-08,2.03,1014619,1014600,5.32,70027048,3.6733
2026-07-09,2.19,1845093,1845100,9.68,71872141,3.7701
2026-07-10,1.96,892907,892900,4.68,72765048,3.8170
2026-07-13,1.90,571460,571500,3.00,73336508,3.8469
2026-07-14,1.78,1465883,1465900,7.69,74802391,3.9238
2026-07-15,1.82,738790,738800,3.88,75541181,3.9626
2026-07-16,1.92,752474,752500,3.95,76293655,4.0020
2026-07-17,1.74,528088,528100,2.77,76821743,4.0297
2026-07-20,1.73,357592,357600,1.88,77179335,4.0485
2026-07-21,1.87,615147,615100,3.23,77794482,4.0808
2026-07-22,1.87,858006,858000,4.50,78652488,4.1258
2026-07-23,1.74,908254,908300,4.76,79560742,4.1734
2026-07-24,1.43,1122914,1122900,5.89,80683656,4.2323
2026-07-27,1.52,529326,524700,2.78,81212982,4.2601
2026-07-28,1.69,625201,625200,3.28,81838183,4.2929
2026-07-29,1.51,401609,393200,2.11,82239792,4.3140
2026-07-30,1.64,413234,413200,2.17,82653026,4.3356
2026-07-31,1.57,441014,441000,2.31,83094040,4.3588
2026-08-03,1.72,391508,391500,2.05,83485548,4.3793
2026-08-04,1.98,530597,530600,2.78,84016145,4.4071
2026-08-05,2.46,916363,916400,4.81,84932508,4.4552
2026-08-06,2.23,210386,210400,1.10,85142894,4.4662
2026-08-07,2.07,321746,321700,1.69,85464640,4.4831
2026-08-10,2.16,318182,318200,1.67,85782822,4.4998
2026-08-11,2.40,465213,465200,2.44,86248035,4.5242
2026-08-12,2.45,206481,206500,1.08,86454516,4.5350
2026-08-13,2.59,369661,369700,1.94,86824177,4.5544
2026-08-14,2.93,662693,662700,3.48,87486870,4.5892
2026-08-17,3.02,603273,603300,3.16,88090143,4.6208
2026-08-18,2.79,376766,376800,1.98,88466909,4.6406
2026-08-19,3.09,541197,541200,2.84,89008106,4.6690
2026-08-20,4.00,6979500,6979500,36.61,95987606,5.0351
2026-08-21,7.41,98971190,98971200,519.16,194958796,10.2267
2026-08-24,6.27,13946642,13946600,73.16,208905438,10.9583
2026-08-25,6.06,4312545,4312500,22.62,213217983,11.1845
2026-08-26,5.98,1654127,1654100,8.68,214872110,11.2713
2026-08-27,8.07,21667372,21667400,113.66,236539482,12.4079
2026-08-28,6.76,5594577,5594600,29.35,242134059,12.7013
2026-08-31,8.87,10422199,10422200,54.67,252556258,13.2481
2026-09-01,8.36,4911094,4911100,25.76,257467352,13.5057
2026-09-02,7.50,3149258,3149300,16.52,260616610,13.6709
2026-09-03,8.77,6839576,6839600,35.88,267456186,14.0296
2026-09-04,7.93,4189359,4189400,21.98,271645545,14.2494
2026-09-08,7.61,2219999,2220000,11.65,273865544,14.3658
2026-09-09,7.24,3518944,3518900,18.46,277384488,14.5504
2026-09-10,6.66,2418070,2418100,12.68,279802558,14.6773
2026-09-11,7.26,3771240,3771200,19.78,283573798,14.8751
2026-09-14,7.44,2064314,2064300,10.83,285638112,14.9834
2026-09-15,6.12,3231877,3231900,16.95,288869989,15.1529
2026-09-16,6.20,1408720,1408700,7.39,290278709,15.2268
2026-09-17,7.71,14316923,14316900,75.10,304595632,15.9778
2026-09-18,10.19,14892262,14892300,78.12,319487894,16.7590
2026-09-21,12.60,10660834,10660800,55.92,330148728,17.3182
2026-09-22,13.54,5427338,5427300,28.47,335576066,17.6029
2026-09-23,12.87,2772599,2772600,14.54,338348665,17.7484
2026-09-24,14.22,5603034,5603000,29.39,343951699,18.0423
2026-09-25,17.25,8004617,8004600,41.99,351956316,18.4622
2026-09-28,15.56,4079763,4079800,21.40,356036079,18.6762
2026-09-29,15.32,4182448,4182400,21.94,360218527,18.8956
2026-09-30,16.08,5261545,5261500,27.60,365480072,19.1716
2026-10-01,15.51,2146398,2146400,11.26,367626470,19.2842
2026-10-02,14.15,2764047,2764000,14.50,370390517,19.4291
2026-10-05,14.96,4741471,4776300,24.87,375131988,19.6779
2026-10-06,14.33,1799288,1821600,9.44,376931276,19.7722
2026-10-07,13.82,2046789,2056500,10.74,378978065,19.8796
2026-10-08,12.79,1794989,1785600,9.42,380773054,19.9738
