generated_at,commit,wallets_created,funded_wallets,spending_wallets,mau_30d,wau_7d,lifetime_spend_count,lifetime_spend_usde,spend_usde_30d,tvl_usde,top10_balance_share,batched_spend_share,max_logs_per_tx,funded_share_of_created,spending_share_of_created,top10_usde,rest_usde,funded_outside_top10,spent_30d_share_of_ever,spent_7d_share_of_ever
2026-09-11T15:41:00+00:00,90a04e1,10763.0,484.0,315.0,292.0,263.0,9763.0,719459.37,548674.97,4122766.213827,0.763618,0.027553,5.0,0.044969,0.029267,3148218.62661,974547.587217,474.0,0.926984,0.834921
2026-09-14T17:55:32+00:00,a58244e,11160.0,550.0,364.0,339.0,296.0,11295.0,806394.63,613372.33,4337016.326445,0.734823,0.027711,5.0,0.049283,0.032616,3186940.697359,1150075.629086,540.0,0.931319,0.813187
2026-09-17T18:17:52+00:00,e279050,11769.0,650.0,445.0,421.0,364.0,13033.0,935128.18,726252.39,3407795.460832,0.643259,0.026932,5.0,0.05523,0.037811,2192095.061814,1215700.399018,640.0,0.946067,0.817978
2026-09-21T15:35:15+00:00,364ba6b,12267.0,751.0,543.0,516.0,442.0,15824.0,1311813.55,1062865.31,3720671.243849,0.595027,0.028627,5.0,0.061221,0.044265,2213901.322079,1506769.92177,741.0,0.950276,0.813996
2026-09-22T15:05:23+00:00,ed7f66f,12378.0,768.0,564.0,537.0,456.0,16566.0,1387741.26,1122511.77,2903674.962983,0.457157,0.028975,5.0,0.062046,0.045565,1327435.283927,1576239.679056,758.0,0.952128,0.808511
2026-10-03T15:06:53+00:00,ccf36a7,13667.0,1020.0,768.0,732.0,606.0,26712.0,2263229.3,1868282.42,3885697.134818,0.446461,0.038185,5.0,0.074632,0.056194,1734813.437142,2150883.697676,1010.0,0.953125,0.789062
2026-10-04T16:53:29+00:00,bd9fb3c,13867.0,1049.0,793.0,756.0,622.0,28078.0,2362254.39,1928505.79,3943333.081245,0.439944,0.039675,5.0,0.075647,0.057186,1734846.983055,2208486.09819,1039.0,0.953342,0.784363
2026-10-05T15:41:38+00:00,56a0be9,14047.0,1078.0,816.0,778.0,645.0,29268.0,2453934.54,1994883.46,3968474.077884,0.433369,0.040966,5.0,0.076742,0.058091,1719813.186798,2248660.891086,1068.0,0.953431,0.790441
2026-10-05T15:57:32+00:00,e9d94d8,14048.0,1078.0,816.0,778.0,645.0,29286.0,2454347.43,1995296.35,3968569.937884,0.433358,0.040941,5.0,0.076737,0.058087,1719813.186798,2248756.751086,1068.0,0.953431,0.790441
