snapshot,funded,holding_1_or_more,holding_100_or_more,holding_1000_or_more,holding_10000_or_more,holding_100000_or_more,usde_held,ten_largest,all_others,top10_share,top1_share,top50_share
2026-09-11T15:41:00Z,482,429,241,131,35,7,4122766.21,3148218.63,974547.59,0.763618,0.242631,0.935039
2026-09-14T17:55:32Z,548,491,278,154,39,7,4337016.33,3186940.7,1150075.63,0.734823,0.230646,0.915924
2026-09-17T18:17:52Z,648,580,332,172,42,6,3407795.46,2192095.06,1215700.4,0.643259,0.291256,0.86981
2026-09-21T15:35:15Z,750,674,390,197,51,6,3720671.24,2213901.32,1506769.92,0.595027,0.267012,0.84378
2026-09-22T15:05:23Z,766,690,398,207,50,6,2903674.96,1327435.28,1576239.68,0.457157,0.1145,0.784114
2026-10-03T15:06:53Z,1019,922,524,268,56,10,3885697.13,1734813.44,2150883.7,0.446461,0.098157,0.766481
2026-10-04T16:53:29Z,1047,946,527,264,56,10,3943333.08,1734846.98,2208486.1,0.439944,0.096738,0.770106
2026-10-05T15:41:38Z,1076,975,539,274,55,10,3968458.86,1719813.19,2248645.67,0.433371,0.096141,0.760724
2026-10-05T15:57:32Z,1076,975,539,274,55,10,3968569.94,1719813.19,2248756.75,0.433358,0.096138,0.760698
