date,deposits,withdrawals,card_spend,reversals,yield,other_rewards,internal,held_end_of_day,spend_events,in_dashboard_series
2026-05-15,32.002120,10.570000,0.000000,0.000000,0.000000,0.000000,8.000000,21.432120,0,True
2026-05-16,7.968496,6.000000,0.000000,0.000000,0.000000,0.000000,10.000000,23.400616,0,True
2026-05-17,37.509934,9.360000,0.000000,0.000000,0.000000,0.000000,0.000000,51.550550,0,True
2026-05-18,7.211883,11.920000,0.000000,0.000000,0.000000,0.000000,0.000000,46.842433,0,True
2026-05-19,12.784166,5.000000,0.000000,0.000000,0.000000,0.000000,1.000000,54.626599,0,True
2026-05-20,106.316968,66.620000,0.000000,0.000000,0.000000,0.000000,15.000000,94.323566,0,True
2026-05-21,54.911487,18.500000,0.000000,0.000000,0.000000,0.000000,14.000000,130.735053,0,True
2026-05-22,0.000000,6.070000,0.000000,0.000000,0.000000,0.000000,0.000000,124.665053,0,True
2026-05-23,0.000000,0.000000,0.000000,0.000000,0.000000,0.000000,0.000000,124.665053,0,True
2026-05-24,0.000000,0.000000,0.000000,0.000000,0.000000,0.000000,0.000000,124.665053,0,True
2026-05-25,10.963777,0.000000,0.000000,0.000000,0.000000,0.000000,0.010000,135.628829,0,True
2026-05-26,0.091831,13.680000,0.000000,0.000000,0.000000,0.000000,0.000000,122.040661,0,True
2026-05-27,0.000000,6.080000,0.000000,0.000000,0.000000,0.000000,0.200000,115.960661,0,True
2026-05-28,0.000000,0.000000,0.000000,0.000000,0.000000,0.000000,0.000000,115.960661,0,True
2026-05-29,0.000000,0.000000,0.000000,0.000000,0.000000,0.000000,0.000000,115.960661,0,True
2026-05-30,0.000000,0.000000,0.000000,0.000000,0.000000,0.000000,0.000000,115.960661,0,False
2026-05-31,3754.195326,0.000000,0.000000,0.000000,0.000000,0.000000,0.000000,3870.155987,0,True
2026-06-01,1752.078100,626.140000,0.000000,0.000000,0.000000,0.000000,0.000000,4996.094087,0,True
2026-06-02,262.174763,144.500000,0.000000,0.000000,0.000000,0.000000,101.700000,5113.768850,0,True
2026-06-03,58.910455,264.890000,0.000000,0.000000,0.000000,0.000000,110.020000,4907.789305,0,True
2026-06-04,4.400001,164.760000,87.010000,0.000000,0.000000,0.000000,6.910000,4660.419306,5,True
2026-06-05,9.941546,9.870000,369.980000,0.000000,0.000000,0.000000,4.600000,4290.510852,13,True
2026-06-06,132.447713,0.000000,459.800000,0.000000,0.000000,0.000000,0.000000,3963.158565,21,True
2026-06-07,0.000000,0.000000,92.550000,0.000000,0.000000,0.000000,0.000000,3870.608565,9,True
2026-06-08,0.977290,0.000000,145.150000,0.000000,0.000000,0.000000,1.000000,3726.435854,15,True
2026-06-09,73.611328,24.000000,119.430000,0.000000,0.000000,0.000025,0.620000,3656.617208,12,True
2026-06-10,159.106055,2378.780000,297.520000,0.000000,0.000000,0.000000,9.000000,1139.423263,12,True
2026-06-11,316.402815,120.190000,49.090000,0.000000,0.000000,0.000629,887.382600,1286.546707,4,True
2026-06-12,46.194681,24.840000,170.740000,0.000000,0.000000,0.000000,3.400000,1137.161387,9,True
2026-06-13,0.000000,5.000000,464.890000,0.000000,0.000000,0.000000,100.520000,667.271387,9,True
2026-06-14,252.101253,0.000000,34.950000,0.000000,0.000000,0.000000,0.000000,884.422640,1,True
2026-06-15,1039.326212,5.000000,168.550000,0.000000,0.000000,0.000446,9.000000,1750.199299,10,True
2026-06-16,5564.635105,12.000000,2115.820000,0.000000,0.000000,0.000254,177.083568,5187.014658,14,True
2026-06-17,2456.060968,0.000000,1114.860000,0.000000,0.000000,0.000161,28.850000,6528.215787,17,True
2026-06-18,709.462146,0.000000,249.700000,0.000000,0.000000,0.000000,269.386000,6987.977933,13,True
2026-06-19,622.276945,0.000000,1058.370000,0.000000,0.000000,0.000000,1.000000,6551.884878,31,True
2026-06-20,2864.622572,9.990000,892.910000,0.000000,0.000000,0.000000,501.000000,8513.607450,25,True
2026-06-21,0.000000,0.000000,266.350000,0.000000,0.000000,0.000000,0.050000,8247.257450,13,True
2026-06-22,14.790268,0.000000,255.610000,0.000000,0.000000,0.000000,6.540000,8006.437717,19,True
2026-06-23,205.480486,0.000000,565.910000,0.000000,0.000000,0.000000,8.620000,7646.008203,21,True
2026-06-24,26.766251,19.980000,449.850000,0.000000,0.000000,0.000000,5.100000,7202.944454,23,True
2026-06-25,86.386859,6.000000,918.000000,0.000000,0.000000,0.000000,2.110000,6365.331313,26,True
2026-06-26,12826.632857,9.990000,1094.280000,0.000000,0.000000,0.000000,10.940000,18087.694170,32,True
2026-06-27,6305.835567,9.990000,403.610000,0.000000,0.000000,0.000000,1061.000000,23979.929737,16,True
2026-06-28,10062.085675,0.000000,1149.310000,0.000000,0.000000,0.000000,0.240000,32892.705413,31,True
2026-06-29,13.517188,0.000000,845.420000,0.000000,0.000000,0.025380,383.411298,32060.827981,25,True
2026-06-30,4129.791753,21.000000,3348.270000,0.000000,0.000000,0.479563,5.600000,32821.829298,27,True
2026-07-01,227.324409,4.000000,411.440000,0.000000,0.000000,0.000000,9.800000,32633.713707,23,True
2026-07-02,77.821038,19.990000,1630.880000,0.000000,0.000000,0.480054,8.400000,31061.144799,28,True
2026-07-03,3564.216425,6.000000,712.380000,0.000000,0.000000,0.389178,0.700000,33907.370402,25,True
2026-07-04,1000.000000,0.000000,1890.840000,0.000000,0.000000,0.000000,0.000000,33016.530402,22,True
2026-07-05,503.819709,109.980000,349.560000,0.000000,0.000000,0.984484,0.000000,33061.794595,14,True
2026-07-06,2648.411262,165.270000,3425.090000,0.000000,0.000000,0.871567,0.200000,32120.717423,28,True
2026-07-07,657.340726,0.000000,393.540000,0.000000,0.000000,0.000000,0.600000,32384.518150,23,True
2026-07-08,1883.145558,50.000000,893.280000,0.000000,0.000000,1.639096,221.130000,33326.022803,35,True
2026-07-09,4491.704220,0.000000,3916.430000,138.890000,59.166441,0.000000,1778.120000,34099.353464,49,True
2026-07-10,8140.666191,16.990000,1145.070000,15.850000,4.840913,0.749766,1659.710000,41099.400334,16,True
2026-07-11,299.569064,60.000000,0.000000,0.000000,6.020286,0.000000,0.000000,41344.989684,0,True
2026-07-12,13407.124099,9.990000,6878.340000,47.090000,6.125969,0.956374,0.010000,47917.956126,115,True
2026-07-13,3760.759414,0.000000,2344.880000,33.270000,6.095775,2.070067,11.410000,49375.271382,72,True
2026-07-14,13173.595255,0.000000,1699.460000,146.980000,7.464513,0.000000,1.100000,61003.851150,57,True
2026-07-15,198.977373,2.000000,1863.980000,40.450000,9.083953,1.471900,0.510000,59387.854376,43,True
2026-07-16,2594.084890,0.000000,977.080000,27.090000,0.896599,3.063100,0.000000,61035.908965,35,True
2026-07-17,158.332188,0.000000,5003.730000,144.450000,0.000000,0.000000,0.010000,56334.961153,38,True
2026-07-18,87.643854,0.000000,1898.990000,603.640000,27.070506,0.000000,0.000000,55154.325512,40,True
2026-07-19,11310.576291,0.000000,2331.590000,161.910000,8.753833,0.000000,0.000000,64303.975636,71,True
2026-07-20,46.580862,0.000000,1423.550000,330.320000,9.689294,0.000000,1.000000,63267.015792,36,True
2026-07-21,10.531806,19.980000,3357.820000,44.740000,9.694960,0.000000,0.000000,59954.182558,41,True
2026-07-22,16791.719356,0.000000,11153.360000,2916.020000,9.471511,1.447597,0.200000,68519.481023,46,True
2026-07-23,10847.594632,0.000000,1803.260000,10.460000,7.050411,6.127437,32.810000,77587.453503,57,True
2026-07-24,50107.476582,99.990000,5008.880000,230.740000,8.040117,0.000000,510.000000,122824.840201,64,True
2026-07-25,1407.263453,0.000000,2630.870000,173.660000,11.520658,6.578292,5.000000,121792.992604,56,True
2026-07-26,1315.430810,0.000000,1457.090000,69.440000,13.109176,3.704151,42.000000,121737.586741,52,True
2026-07-27,11153.330130,1019.980000,2940.190000,29.250000,13.044859,3.694969,82.880000,128976.736698,59,True
2026-07-28,1192.742161,19.980000,4356.030000,35.750000,13.531880,3.883196,1332.100000,125846.633934,61,True
2026-07-29,2259.511582,30.000000,1485.460000,136.850000,13.636491,3.864692,93.000000,126745.036699,59,True
2026-07-30,10911.664364,28.800000,7864.710000,51.430000,13.571726,3.823934,570.010000,129832.016723,75,True
2026-07-31,3270.958554,724.950000,3450.920000,36.710000,13.398866,3.734852,2510.000000,128980.948995,97,True
2026-08-01,12013.781317,500.000000,2836.340000,1077.710000,13.784904,4.102784,0.000000,138753.988000,108,True
2026-08-02,31881.996553,9.990000,9334.370000,3.490000,14.850173,4.281421,0.000000,161314.246147,55,True
2026-08-03,1742.211860,5560.000000,6074.920000,62.040000,16.026028,4.727646,65.000000,151504.331682,59,True
2026-08-04,333225.277702,245109.980000,4534.450000,85.520000,16.469432,5.055699,13030.000000,235192.224515,78,True
2026-08-05,36099.376747,69.684643,7347.600000,37.910000,19.424797,5.620108,40.000000,263937.271524,106,True
2026-08-06,3106.463732,39.028241,4419.880000,3896.490000,27.128023,6.390281,19.000000,266514.835318,102,True
2026-08-07,725.349589,3481.184985,3619.250000,63.970000,28.698167,7.148788,5.000000,260239.566878,113,True
2026-08-08,2387.949112,5000.000000,10042.730000,4.610000,28.421042,7.005815,10.000000,247624.822847,112,True
2026-08-09,653.319957,5704.990000,3687.340000,7.740000,27.027380,6.680407,4013.000000,238927.260592,94,True
2026-08-10,24363.472565,3019.990000,12184.850000,328.350000,26.117280,6.362463,145.010000,248446.722899,116,True
2026-08-11,100214.973951,20009.990000,4816.040000,44.790000,25.852524,6.304557,6062.480000,323912.613931,100,True
2026-08-12,5431.654337,13.550531,11933.540000,19.710000,34.217714,8.626814,252.010000,317459.732265,115,True
2026-08-13,8658.505440,987.550149,4162.210000,100.360000,34.344117,8.312063,750.100000,321111.493735,130,True
2026-08-14,6978.067214,769.704408,6142.150000,154.810000,34.199324,8.224270,550.000000,321374.940136,162,True
2026-08-15,24347.616088,0.102000,8155.590000,469.210000,34.815397,8.507147,20.030000,338079.396769,139,True
2026-08-16,3691.344298,0.000000,4451.310000,76.640000,35.945736,8.705417,76.000000,337440.722219,119,True
2026-08-17,1190.548460,6.000000,3246.590000,440.690000,36.317964,8.614041,80.010000,335864.302684,100,True
2026-08-18,58117.401320,0.000000,9005.330000,158.640000,36.119399,8.514000,20.040000,385179.647403,135,True
2026-08-19,55335.209876,50017.456094,11949.690000,58.080000,38.786428,8.456717,72.230000,378653.034330,99,True
2026-08-20,74017.935568,2500.395923,8272.170000,331.540000,41.047333,8.627102,45.210000,442279.618410,124,True
2026-08-21,94353.879699,20000.000000,10845.260000,621.140000,43.401092,8.728032,217.120000,506461.507232,132,True
2026-08-22,8241.878612,0.200000,16281.250000,93.720000,21.682290,10.143938,41.000000,498547.482072,150,True
2026-08-23,25326.768577,0.000000,10680.130000,102.990000,0.000000,11.947176,0.010000,513309.057825,145,True
2026-08-24,15470.576221,29.840005,15508.040000,19.890000,137.205983,12.102909,73.800000,513410.952933,157,True
2026-08-25,58267.380542,2808.463620,16341.270000,33.930000,55.368143,12.535844,20.000000,552630.433842,167,True
2026-08-26,13677.826212,8313.262438,10433.990000,32.950000,56.972691,13.039617,30.000000,547663.969924,208,True
2026-08-27,15021.463656,13.726204,5465.480000,177.140000,59.183860,12.854161,31.030000,557455.405397,164,True
2026-08-28,27886.571785,51629.990000,13117.210000,91.290000,59.359074,12.882115,8040.000000,520758.308371,202,True
2026-08-29,33124.756968,18000.000000,9075.320000,394.380000,59.528266,14.336124,105.000000,527275.989729,192,True
2026-08-30,5109.608984,10.000000,7920.750000,171.870000,56.370276,13.327164,4040.000000,524696.416153,200,True
2026-08-31,13990.187118,0.000000,7906.170000,55.170000,56.507454,13.126523,30.000000,530905.237248,151,True
2026-09-01,218400.701324,1209.349191,16055.190000,563.830000,56.889689,13.836429,3217.700000,732675.955499,189,True
2026-09-02,1269538.138563,45501.457146,17213.840000,1298.390000,66.133329,15.929339,104.010000,1940879.249584,247,True
2026-09-03,140168.249607,17767.838547,38801.720000,2582.550000,156.934721,19.961380,60.000000,2027237.386745,389,True
2026-09-04,1122099.453950,74531.480000,25302.480000,253.590000,214.773634,18.312937,2403.000000,3049989.557266,384,True
2026-09-05,221630.179141,348.630000,21461.120000,2773.140000,228.383424,0.000000,450.000000,3252811.509830,410,True
2026-09-06,175755.263414,67687.050000,46031.920000,11769.220000,346.828428,0.000000,160.000000,3326963.851673,378,True
2026-09-07,84680.692541,86.000000,28382.100000,514.980000,355.512977,2.874648,1832.810000,3384049.811838,360,True
2026-09-08,636573.206194,82102.342969,54029.510000,1607.560000,360.454811,65.459018,54.800000,3886524.638892,356,True
2026-09-09,148504.755569,22853.300000,61559.940000,466.680000,388.967121,53.043744,2014.800000,3951524.845326,432,True
2026-09-10,177315.014626,51098.214687,24340.080000,667.440000,73.673762,31.259894,2720.300000,4054173.938922,394,True
2026-09-11,140039.625518,20969.242511,29439.020000,510.240000,771.956979,33.284771,32.800000,4145120.783677,436,True
2026-09-12,98799.431883,1282.882261,30642.890000,1495.200000,419.557859,33.870759,242.780000,4213943.071917,526,True
2026-09-13,115227.430313,29257.200000,21836.500000,396.630000,9.600044,34.706709,4.800000,4278517.738984,483,True
2026-09-14,112361.257658,33689.350000,39963.550000,3817.880000,0.000000,35.494128,474.800000,4321079.470769,470,True
2026-09-15,93953.218697,575190.033608,45106.900000,3808.550000,0.000000,37.033121,2538.800000,3798581.338980,483,True
2026-09-16,671626.726657,1134534.573681,35047.140000,1754.550000,0.000000,38.166333,5021.060000,3302419.068291,618,True
2026-09-17,159452.246661,24479.077189,43259.410000,846.910000,1819.649232,54.651541,15.800000,3396854.038535,650,True
2026-09-18,184949.465391,38153.572801,107267.140000,851.390000,431.003183,53.675330,877.300000,3437718.859638,711,True
2026-09-19,194690.394711,7798.708819,80100.990000,1592.370000,393.748679,55.692423,6.800000,3546551.366632,776,True
2026-09-20,270621.519612,23430.021577,139271.030000,840.790000,420.370749,57.489110,25.600000,3655790.484526,713,True
2026-09-21,179188.286771,4375.120000,63415.840000,2364.210000,420.197608,59.090141,5164.800000,3770031.309046,685,True
2026-09-22,605566.894451,1024170.859450,66704.080000,4764.830000,414.887225,61.975622,1205.600000,3289964.956893,734,True
2026-09-23,242844.494372,23015.953532,68560.070000,1033.250000,462.205022,67.251240,3505.800000,3442796.133995,790,True
2026-09-24,155967.606084,111459.319532,73988.770000,15752.280000,376.267507,69.584519,158.840000,3429513.782572,798,True
2026-09-25,125404.095857,30292.757852,58179.410000,1919.830000,337.706078,71.371134,295.810000,3468774.617789,847,True
2026-09-26,198952.859000,7121.930000,85218.880000,1206.610000,483.056894,71.792360,281.810000,3577148.126043,1084,True
2026-09-27,82904.120367,4839.850000,55176.020000,1009.830000,406.590235,72.384183,24.800000,3601525.180828,867,True
2026-09-28,549343.262238,491152.690000,68994.150000,3351.210000,332.633483,87.392208,535.020000,3594492.838758,768,True
2026-09-29,295752.677289,79142.091525,82343.930000,1167.620000,547.207486,95.786546,925.800000,3730570.108553,786,True
2026-09-30,192635.336443,152960.713334,60741.510000,2443.010000,882.852499,96.621375,354.800000,3712925.705537,970,True
2026-10-01,262083.196003,27634.060000,86100.820000,3170.400000,448.763588,100.058882,849.800000,3864993.244009,1036,True
2026-10-02,159745.881902,10022.549034,165320.070000,2758.220000,456.391509,101.861501,8030.980000,3852712.979886,1147,True
2026-10-03,197060.346315,11847.130000,88737.520000,2511.210000,464.048360,104.122192,1053.800000,3952268.056754,1275,True
2026-10-04,80424.594266,6405.559374,92889.570000,5551.240000,468.537301,104.914262,2540.560000,3939522.213208,1190,True
2026-10-05,166503.910418,41739.069671,87087.690000,2371.360000,476.341062,107.048359,9666.800000,3980154.113376,1250,True
