file,repo,path,commit,committed_at,generated_at,source,series_first,series_last,series_days,sha256,bytes,commit_subject
ethenapay_90a04e1.json,QorbQuant/EthenaDAT,docs/ethenapay.json,90a04e1819a27b72bc5e1fc1357e0fe26e76756c,2026-09-11T08:53:37-07:00,2026-09-11T15:41:00+00:00,dune,2026-05-15,2026-09-11,119,e81d88f34036efbd7d9bc73263aaa5b88d2d4113a2d9e21f2dfcd1336e08bcd5,14547,Add an EthenaPay tab to the dashboard
ethenapay_a58244e.json,QorbQuant/EthenaDAT,docs/ethenapay.json,a58244ed811efba20e36602ae1c76254abb5bfe2,2026-09-14T10:55:49-07:00,2026-09-14T17:55:32+00:00,dune,2026-05-15,2026-09-14,122,8380d817fb376b9cd79baa707ba93810858c6165c0e76d4a3026cf01e8e4f310,14880,EthenaPay tab: re-execute stale Dune queries instead of republishing the cache
ethenapay_e279050.json,QorbQuant/EthenaDAT,docs/ethenapay.json,e279050084b68af7a82ca5fb98d76b333c94b630,2026-09-17T11:18:21-07:00,2026-09-17T18:17:52+00:00,dune,2026-05-15,2026-09-17,125,824131e7a22a3f0d51a1cccc604b4954eb6abd2e5e7ae3e7fb5ef3cbe71a2b49,15350,Refresh EthenaPay data through 2026-09-17
ethenapay_364ba6b.json,QorbQuant/EthenaDAT,docs/ethenapay.json,364ba6b33be45b68d964cf7a3fa28bcbc8e60882,2026-09-21T08:37:27-07:00,2026-09-21T15:35:15+00:00,dune,2026-05-15,2026-09-21,129,2f4eb53fd6522d2b2e14357d14d43938693f2ff0ab63a05664b26ef9bc606fee,16246,EthenaPay: run the SQL ad-hoc instead of reading saved Dune queries
ethenapay_ed7f66f.json,QorbQuant/EthenaDAT,docs/ethenapay.json,ed7f66f242d56fbbe0845e7f84099b70db335926,2026-09-22T08:05:40-07:00,2026-09-22T15:05:23+00:00,dune,2026-05-15,2026-09-22,130,a6716bd69cc02e7cc21f5178ce0b9d00e8a60c00bedda59327c8a570cac639f2,16369,"Refresh all site data (NAV through 2026-09-22, EthenaPay through 2026-09-22)"
ethenapay_ccf36a7.json,QorbQuant/EthenaDAT,docs/ethenapay.json,ccf36a7f5f7d3b78308cc12f576b822e1c9a1980,2026-10-03T08:07:43-07:00,2026-10-03T15:06:53+00:00,dune,2026-05-15,2026-10-03,141,665495f272007344894a0f2a3d6595c7380c3bd20e34ec50f40e56518c357cbf,17881,Refresh EthenaPay data through 2026-10-03
ethenapay_bd9fb3c.json,QorbQuant/EthenaDAT,docs/ethenapay.json,bd9fb3cc01cc2971d808b62fe3e327811690fcf3,2026-10-04T16:53:29+00:00,2026-10-04T16:53:29+00:00,dune,2026-05-15,2026-10-04,142,df28b39778f9de242510df1aafd218f1d48b17e20c2d4b7e8981058ac60856eb,18081,Auto-refresh data [skip ci]
ethenapay_56a0be9.json,QorbQuant/EthenaDAT,docs/ethenapay.json,56a0be916d09f332008ced3c2755319be22446c7,2026-10-05T15:41:38+00:00,2026-10-05T15:41:38+00:00,dune,2026-05-15,2026-10-05,143,28445197e83ceb27262b48abecfa31dd14c001038895c95e3bedbefac1678f35,18129,Auto-refresh data [skip ci]
ethenapay_e9d94d8.json,QorbQuant/EthenaDAT,docs/ethenapay.json,e9d94d8699af783b5f8d03743d0d3947e1f9d7f9,2026-10-05T08:59:24-07:00,2026-10-05T15:57:32+00:00,dune,2026-05-15,2026-10-05,143,3a1d0111aca2de7da0386680c53e5e9410666235ee456a12619bfd35abb0cc2c,26303,EthenaPay tab: cashback in dollars and yield paid to cardholders
ethenapay_chain_snapshot_33fe499.json,QorbQuant/ethenaPay,public/snapshot.json,33fe499c3a76661967dd692a23a21bd2e598b262,2026-09-11T08:22:37-07:00,2026-09-11T15:19:49.213Z,routescan explorer api + avalanche public rpc,2026-05-15,2026-09-11,117,15efe56ab89d2b0c994a95e96821b0b7e73284318087ae68d3d6af1d27aebb26,43856,"Wire up Dune, and fix a batching statistic that was measuring the wrong thing"
