from_session,to_session,kind,open_vs_close_pct,perp_4am_vs_close_pct,perp_9am_vs_close_pct,open_nearer_perp_4am,open_nearer_perp_9am
2026-08-26,2026-08-27,weeknight,8.7,3.35,5.6,1,1
2026-08-27,2026-08-28,weeknight,-10.29,-4.69,-6.11,1,1
2026-08-28,2026-08-31,weekend,0.0,-1.08,1.87,0,0
2026-08-31,2026-09-01,weeknight,-8.12,-10.26,-5.99,1,1
2026-09-01,2026-09-02,weeknight,-3.47,-2.71,-0.41,1,1
2026-09-02,2026-09-03,weeknight,8.13,-2.45,6.5,0,1
2026-09-03,2026-09-04,weeknight,-10.26,-0.73,-10.23,1,1
2026-09-04,2026-09-08,holiday weekend,-2.14,0.27,-1.33,0,1
2026-09-08,2026-09-09,weeknight,5.26,-0.43,4.29,0,1
2026-09-09,2026-09-10,weeknight,-7.04,-1.58,-3.22,1,1
2026-09-10,2026-09-11,weeknight,6.61,1.16,8.67,1,1
2026-09-11,2026-09-14,weekend,-4.13,-2.56,-1.08,1,1
2026-09-14,2026-09-15,weeknight,-6.45,-1.91,-2.85,1,1
2026-09-15,2026-09-16,weeknight,-0.98,-5.35,-0.15,0,1
2026-09-16,2026-09-17,weeknight,6.61,0.71,5.64,1,1
2026-09-17,2026-09-18,weeknight,23.74,8.72,27.14,1,1
2026-09-18,2026-09-21,weekend,28.07,28.96,29.15,1,1
2026-09-21,2026-09-22,weeknight,3.1,3.47,10.18,1,0
2026-09-22,2026-09-23,weeknight,-2.36,11.64,6.3,0,0
2026-09-23,2026-09-24,weeknight,-0.78,3.64,0.5,0,0
2026-09-24,2026-09-25,weeknight,9.21,4.95,10.59,1,1
2026-09-25,2026-09-28,weekend,-4.0,3.22,-0.63,0,1
2026-09-28,2026-09-29,weeknight,3.47,-0.98,1.08,0,1
2026-09-29,2026-09-30,weeknight,4.7,-6.98,1.41,0,1
2026-09-30,2026-10-01,weeknight,-0.25,-0.89,-5.11,0,0
2026-10-01,2026-10-02,weeknight,-1.55,-6.21,-6.21,0,0
2026-10-02,2026-10-05,weekend,1.48,-0.03,-0.52,0,0
2026-10-05,2026-10-06,weeknight,-6.75,-5.96,-6.01,1,1
2026-10-06,2026-10-07,weeknight,-5.44,-3.43,-0.4,1,1
2026-10-07,2026-10-08,weeknight,-6.37,-2.66,-2.66,1,1
