from_session,to_session,kind,usde_close,usde_next_open,perp_mark_4pm,perp_mark_8pm,perp_mark_4am,perp_mark_9am,usde_after_hours_8pm,usde_pre_market_9am,mark_move_4pm_to_8pm,mark_move_8pm_to_4am,mark_move_4am_to_9am,open_vs_close,perp_4am_vs_close,perp_9am_vs_close,open_nearer_perp_4am,open_nearer_perp_9am,perp_4am_same_direction,perp_9am_same_direction,perp_9am_nearer_than_pre_market,perp_4am_nearer_than_after_hours,mark_high_8pm_to_4am,mark_high_vs_close,mark_low_8pm_to_4am,mark_low_vs_close,perp_usd_traded_8pm_to_4am,hours_with_trades_8pm_to_4am,hours_8pm_to_4am
2026-08-26,2026-08-27,weeknight,5.98,6.5,6.0755,6.1574,6.1806,6.3146,6.0,6.2612,0.01348,0.003768,0.021681,0.086957,0.033545,0.055953,1,1,1,1,1,1,6.1806,0.033545,6.1573,0.029649,4592.82,3,8
2026-08-27,2026-08-28,weeknight,8.07,7.24,8.0108,7.7587,7.6917,7.5769,7.86,7.65,-0.03147,-0.008635,-0.014925,-0.10285,-0.046877,-0.061103,1,1,1,1,1,1,7.8063,-0.032677,7.5099,-0.069405,160483.93,6,8
2026-08-28,2026-08-31,weekend,6.76,6.76,6.7603,6.6958,6.6867,6.8867,6.7017,6.9,-0.009541,-0.001359,0.02991,0.0,-0.010843,0.018743,0,0,0,0,1,0,6.7022,-0.00855,6.6867,-0.010843,22238.1,10,56
2026-08-31,2026-09-01,weeknight,8.87,8.15,8.8794,8.0327,7.9596,8.3386,7.91,8.3,-0.095356,-0.0091,0.047615,-0.081172,-0.102638,-0.05991,1,1,1,1,0,1,8.0327,-0.094397,7.9596,-0.102638,2674.16,2,8
2026-09-01,2026-09-02,weeknight,8.36,8.07,8.4253,8.1333,8.1334,8.3255,8.09,8.3199,-0.034658,1.2e-05,0.023619,-0.034689,-0.027105,-0.004127,1,1,1,1,0,0,8.1334,-0.027105,8.093,-0.031938,12515.86,6,8
2026-09-02,2026-09-03,weeknight,7.5,8.11,7.5319,7.3165,7.3164,7.9878,7.2824,7.7291,-0.028598,-1.4e-05,0.091766,0.081333,-0.02448,0.06504,0,1,0,1,1,1,7.3165,-0.024467,7.3164,-0.02448,216.21,1,8
2026-09-03,2026-09-04,weeknight,8.77,7.87,8.796,8.7063,8.7063,7.8727,8.67,8.58,-0.010198,0.0,-0.095747,-0.102623,-0.007263,-0.102315,1,1,1,1,1,0,8.7063,-0.007263,8.7063,-0.007263,1117.04,3,8
2026-09-04,2026-09-08,holiday weekend,7.93,7.76,7.9412,7.9549,7.9513,7.8244,7.93,7.7694,0.001725,-0.000453,-0.01596,-0.021438,0.002686,-0.013317,0,1,0,1,0,0,7.9613,0.003947,7.8819,-0.006066,965.08,18,80
2026-09-08,2026-09-09,weeknight,7.61,8.01,7.6255,7.5227,7.5771,7.9368,7.52,7.81,-0.013481,0.007231,0.047472,0.052562,-0.004323,0.042943,0,1,0,1,1,1,7.5771,-0.004323,7.5227,-0.011472,160.09,1,8
2026-09-09,2026-09-10,weeknight,7.24,6.73,7.2948,7.1138,7.1253,7.0066,7.09,7.14,-0.024812,0.001617,-0.016659,-0.070442,-0.015843,-0.032238,1,1,1,1,1,0,7.1254,-0.015829,7.1138,-0.017431,0,0,8
2026-09-10,2026-09-11,weeknight,6.66,7.1,6.6764,6.7642,6.737,7.2371,6.74,6.96,0.013151,-0.004021,0.074232,0.066066,0.011562,0.086652,1,1,1,1,1,0,6.7642,0.015646,6.6968,0.005526,0,0,8
2026-09-11,2026-09-14,weekend,7.26,6.96,7.2222,7.045,7.0743,7.1814,7.0201,7.24,-0.024535,0.004159,0.015139,-0.041322,-0.025579,-0.010826,1,1,1,1,1,0,7.0744,-0.025565,7.0245,-0.032438,10.3,1,56
2026-09-14,2026-09-15,weeknight,7.44,6.96,7.4408,7.3444,7.2977,7.2283,7.35,7.19,-0.012956,-0.006359,-0.00951,-0.064516,-0.019126,-0.028454,1,1,1,1,0,1,7.3444,-0.012849,7.2806,-0.021425,0,0,8
2026-09-15,2026-09-16,weeknight,6.12,6.06,6.11,5.737,5.7927,6.1109,5.7793,6.1256,-0.061047,0.009709,0.054931,-0.009804,-0.05348,-0.001487,0,1,1,1,1,1,5.7928,-0.053464,5.737,-0.062582,0,0,8
2026-09-16,2026-09-17,weeknight,6.2,6.61,6.2223,6.1828,6.2442,6.5497,6.18,6.52,-0.006348,0.009931,0.048925,0.066129,0.007129,0.056403,1,1,1,1,1,1,6.2442,0.007129,6.1828,-0.002774,35244.51,2,8
2026-09-17,2026-09-18,weeknight,7.71,9.54,7.6512,8.3012,8.3824,9.8026,8.4,9.06,0.084954,0.009782,0.169426,0.237354,0.087211,0.271414,1,1,1,1,1,0,8.3824,0.087211,8.2988,0.076368,154666.05,5,8
2026-09-18,2026-09-21,weekend,10.19,13.05,10.1755,10.1419,13.1412,13.1602,10.2376,12.8239,-0.003302,0.295734,0.001446,0.280667,0.289617,0.291482,1,1,1,1,1,1,14.3311,0.406389,10.1401,-0.004897,2876248.82,33,56
2026-09-21,2026-09-22,weeknight,12.6,12.99,12.6878,13.0663,13.0368,13.8822,12.3549,13.12,0.029832,-0.002258,0.064847,0.030952,0.034667,0.101762,1,0,1,1,0,1,13.4297,0.065849,12.8412,0.019143,6221.79,6,8
2026-09-22,2026-09-23,weeknight,13.54,13.22,13.5526,14.1881,15.1154,14.3931,14.28,13.44,0.046891,0.065358,-0.047786,-0.023634,0.116352,0.063006,0,0,0,0,0,0,15.596,0.151846,14.0889,0.040539,47694.26,8,8
2026-09-23,2026-09-24,weeknight,12.87,12.77,12.9242,13.064,13.3389,12.9344,12.91,12.56,0.010817,0.021043,-0.030325,-0.00777,0.036434,0.005004,0,0,0,0,1,0,13.3427,0.036729,12.9996,0.01007,252640.63,8,8
2026-09-24,2026-09-25,weeknight,14.22,15.53,14.2549,14.6516,14.9235,15.7255,14.65,15.3792,0.027829,0.018558,0.053741,0.092124,0.049473,0.105872,1,1,1,1,0,1,15.6111,0.097827,14.6218,0.028256,13836.9,5,8
2026-09-25,2026-09-28,weekend,17.25,16.56,17.3262,17.8903,17.8046,17.142,17.3037,16.95,0.032558,-0.00479,-0.037215,-0.04,0.032151,-0.006261,0,1,0,1,0,0,22.5666,0.308209,17.414,0.009507,148539.8,17,56
2026-09-28,2026-09-29,weeknight,15.56,16.1,15.6329,15.5873,15.4079,15.7276,15.73,15.65,-0.002917,-0.011509,0.020749,0.034704,-0.009775,0.010771,0,1,0,1,1,0,15.6653,0.006767,15.4079,-0.009775,55405.09,4,8
2026-09-29,2026-09-30,weeknight,15.32,16.04,15.2492,15.9551,14.25,15.5358,15.1,15.3662,0.046291,-0.106869,0.090232,0.046997,-0.069843,0.014086,0,1,0,1,1,0,16.1402,0.053538,14.248,-0.069974,8164.73,4,8
2026-09-30,2026-10-01,weeknight,16.08,16.04,16.0117,15.9361,15.9363,15.2578,16.13,16.26,-0.004722,1.3e-05,-0.042576,-0.002488,-0.008937,-0.051132,0,0,1,1,0,0,16.0954,0.000958,15.9361,-0.008949,34861.45,3,8
2026-10-01,2026-10-02,weeknight,15.51,15.27,15.4496,14.5852,14.5462,14.5462,15.44,15.02,-0.05595,-0.002674,0.0,-0.015474,-0.062141,-0.062141,0,0,1,1,0,0,14.5852,-0.059626,14.4739,-0.066802,1999.88,1,8
2026-10-02,2026-10-05,weekend,14.15,14.36,14.089,13.548,14.1461,14.0768,13.8506,14.221,-0.038399,0.044147,-0.004899,0.014841,-0.000276,-0.005173,0,0,0,0,0,1,14.1461,-0.000276,12.6651,-0.10494,184906.61,15,56
2026-10-05,2026-10-06,weeknight,14.96,13.95,14.8391,13.95,14.0687,14.0612,14.6,14.1515,-0.059916,0.008509,-0.000533,-0.067513,-0.059579,-0.06008,1,1,1,1,1,1,14.4802,-0.032072,13.76,-0.080214,163431.14,8,8
2026-10-06,2026-10-07,weeknight,14.33,13.55,14.2734,14.0074,13.8379,14.2733,14.24,13.7,-0.018636,-0.012101,0.031464,-0.054431,-0.034341,-0.003957,1,1,1,1,0,1,14.1537,-0.012303,13.8379,-0.034341,114875.06,8,8
2026-10-07,2026-10-08,weeknight,13.82,12.94,13.7269,13.5181,13.4529,13.4528,,13.06,-0.015211,-0.004823,-7e-06,-0.063676,-0.026563,-0.02657,1,1,1,1,0,,13.5862,-0.016918,13.4529,-0.026563,187627.14,8,8
