date,day,new_wallets_v1,new_wallets_v2,wallets_created,spend_events,spending_wallets,spend_cents,spend_transactions,wallets_ever_spent,deposits_wei,withdrawals_wei,reversals_wei,yield_wei,other_rewards_wei,card_spend_wei,internal_wei,depositing_wallets,funded,ge_1c,ge_1,ge_10,ge_100,ge_1k,ge_10k,ge_100k,held_wei,top1_wei,top10_wei,top50_wei,negative_balances,wallets_ever_received,float_funded
2026-05-15,0,814,0,814,0,0,0,0,0,32002120404833580027,10570000000000000000,0,0,0,0,8000000000000000000,3,2,2,2,1,0,0,0,0,21432120404833580027,12428997000000000000,21432120404833580027,21432120404833580027,0,3,2
2026-05-16,1,146,0,960,0,0,0,0,0,7968496000000000000,6000000000000000000,0,0,0,0,10000000000000000000,1,2,2,2,1,0,0,0,0,23400616404833580027,14397493000000000000,23400616404833580027,23400616404833580027,0,3,2
2026-05-17,2,1,0,961,0,0,0,0,0,37509934000000000000,9360000000000000000,0,0,0,0,0,1,3,3,2,2,0,0,0,0,51550550404833580027,36509934000000000000,51550550404833580027,51550550404833580027,0,4,3
2026-05-18,3,504,0,1465,0,0,0,0,0,7211882620000000000,11920000000000000000,0,0,0,0,0,1,4,4,3,2,0,0,0,0,46842433024833580027,29309934000000000000,46842433024833580027,46842433024833580027,0,5,4
2026-05-19,4,248,0,1713,0,0,0,0,0,12784165644767527366,5000000000000000000,0,0,0,0,1000000000000000000,3,7,7,6,2,0,0,0,0,54626598669601107393,29309934000000000000,54626598669601107393,54626598669601107393,0,8,7
2026-05-20,5,33,0,1746,0,0,0,0,0,106316967517072858938,66620000000000000000,0,0,0,0,15000000000000000000,2,8,8,7,3,0,0,0,0,94323566186673966331,39081597161840386304,94323566186673966331,94323566186673966331,0,9,8
2026-05-21,6,45,0,1791,0,0,0,0,0,54911486505254389338,18500000000000000000,0,0,0,0,14000000000000000000,2,10,10,9,4,0,0,0,0,130735052691928355669,42944992000000000000,130735052691928355669,130735052691928355669,0,11,10
2026-05-22,7,18,0,1809,0,0,0,0,0,0,6070000000000000000,0,0,0,0,0,0,10,10,9,4,0,0,0,0,124665052691928355669,36874992000000000000,124665052691928355669,124665052691928355669,0,11,10
2026-05-23,8,1,0,1810,0,0,0,0,0,0,0,0,0,0,0,0,0,10,10,9,4,0,0,0,0,124665052691928355669,36874992000000000000,124665052691928355669,124665052691928355669,0,11,10
2026-05-24,9,1,0,1811,0,0,0,0,0,0,0,0,0,0,0,0,0,10,10,9,4,0,0,0,0,124665052691928355669,36874992000000000000,124665052691928355669,124665052691928355669,0,11,10
2026-05-25,10,28,0,1839,0,0,0,0,0,10963776700902468001,0,0,0,0,0,10000000000000000,2,13,13,11,4,0,0,0,0,135628829392830823670,36874992000000000000,133955605987997243643,135628829392830823670,0,14,13
2026-05-26,11,12,0,1851,0,0,0,0,0,91831114248275714,13680000000000000000,0,0,0,0,0,1,13,13,10,4,0,0,0,0,122040660507079099384,32946823114248275714,120581042596991130019,122040660507079099384,0,14,13
2026-05-27,12,12,0,1863,0,0,0,0,0,0,6080000000000000000,0,0,0,0,200000000000000000,0,14,14,10,4,0,0,0,0,115960660507079099384,29309934000000000000,114501042596991130019,115960660507079099384,0,15,14
2026-05-28,13,2,0,1865,0,0,0,0,0,0,0,0,0,0,0,0,0,14,14,10,4,0,0,0,0,115960660507079099384,29309934000000000000,114501042596991130019,115960660507079099384,0,15,14
2026-05-29,14,8,0,1873,0,0,0,0,0,0,0,0,0,0,0,0,0,14,14,10,4,0,0,0,0,115960660507079099384,29309934000000000000,114501042596991130019,115960660507079099384,0,15,14
2026-05-30,15,0,0,1873,0,0,0,0,0,0,0,0,0,0,0,0,0,14,14,10,4,0,0,0,0,115960660507079099384,29309934000000000000,114501042596991130019,115960660507079099384,0,15,14
2026-05-31,16,0,0,1873,0,0,0,0,0,3754195326000000000000,0,0,0,0,0,0,1,15,15,11,5,1,1,0,0,3870155986507079099384,3754195326000000000000,3867676268596991130019,3870155986507079099384,0,16,15
2026-06-01,17,11,0,1884,0,0,0,0,0,1752078100370000000000,626140000000000000000,0,0,0,0,0,5,17,17,13,6,2,2,0,0,4996094086877079099384,3520933331720000000000,4989752486346991130019,4996094086877079099384,0,19,17
2026-06-02,18,10,0,1894,0,0,0,0,0,262174762893451323977,144500000000000000000,0,0,0,0,101700000000000000000,6,22,22,16,9,4,2,0,0,5113768849770530423361,3465593331720000000000,5093355479665005150598,5113768849770530423361,0,24,22
2026-06-03,19,21,0,1915,0,0,0,0,0,58910454964107566356,264890000000000000000,0,0,0,0,110020000000000000000,2,24,24,18,10,3,2,0,0,4907789304734637989717,3379833331720000000000,4874501702964102682597,4907789304734637989717,0,26,24
2026-06-04,20,11,0,1926,5,2,8701,5,2,4400001335149587996,164760000000000000000,0,0,0,87010000000000000000,6910000000000000000,1,25,24,18,10,3,1,0,0,4660419306069787577713,3265083331720000000000,4628731702964102682597,4660419306069787577713,0,27,25
2026-06-05,21,17,0,1943,13,4,36998,13,5,9941545693603598501,9870000000000000000,0,0,0,369980000000000000000,4600000000000000000,3,28,25,18,10,3,1,0,0,4290510851763391176214,2981843331720000000000,4258751702964102682597,4290510851763391176214,0,33,28
2026-06-06,22,0,0,1943,21,4,45980,21,5,132447713000000000000,0,0,0,0,459800000000000000000,0,1,28,25,18,10,3,1,0,0,3963158564763391176214,2592303331720000000000,3931399415964102682597,3963158564763391176214,0,33,28
2026-06-07,23,0,0,1943,9,4,9255,9,5,0,0,0,0,0,92550000000000000000,0,0,28,25,18,10,3,1,0,0,3870608564763391176214,2560823331720000000000,3838849415964102682597,3870608564763391176214,0,33,28
2026-06-08,24,10,0,1953,15,4,14515,15,5,977289662471367257,0,0,0,0,145150000000000000000,1000000000000000000,1,29,26,19,10,3,1,0,0,3726435854425862543471,2540103331720000000000,3693676705626574049854,3726435854425862543471,0,34,29
2026-06-09,25,11,0,1964,12,5,11943,12,6,73611328158234409081,24000000000000000000,0,0,25367017478262,119430000000000000000,620000000000000000,3,31,28,19,10,3,1,0,0,3656617207951114430814,2468803331720000000000,3622988033771756369339,3656617207951114430814,0,37,31
2026-06-10,26,15,4,1983,12,4,29752,12,7,159106054721216359609,2378780000000000000000,0,0,0,297520000000000000000,9000000000000000000,3,33,29,20,8,2,0,0,0,1139423262672330790423,731302600213382077800,1110271757659107095274,1139423262672330790423,0,42,33
2026-06-11,27,13,11,2007,4,1,4909,4,8,316402815464976086108,120190000000000000000,0,0,628649315373286,49090000000000000000,887382600213382077800,10,39,36,26,9,2,0,0,0,1286546706786622249817,816022600213382077800,1223600280732990810659,1286546706786622249817,0,50,40
2026-06-12,28,9,9,2025,9,2,17074,9,9,46194680703204049314,24840000000000000000,0,0,0,170740000000000000000,3400000000000000000,3,42,38,29,10,2,0,0,0,1137161387489826299131,646972600213382077800,1065744961436194859973,1137161387489826299131,0,53,43
2026-06-13,29,0,8,2033,9,3,46489,9,10,0,5000000000000000000,0,0,0,464890000000000000000,100520000000000000000,0,41,37,27,10,2,0,0,0,667271387489826299131,137060314221298669938,598837866621258270047,667271387489826299131,0,53,42
2026-06-14,30,0,0,2033,1,1,3495,1,11,252101253000000000000,0,0,0,0,34950000000000000000,0,1,42,38,28,11,3,0,0,0,884422640489826299131,217151253000000000000,804706426481852924313,884422640489826299131,0,54,43
2026-06-15,31,0,8,2041,10,4,16855,10,12,1039326212457886999735,5000000000000000000,0,0,446324102097177,168550000000000000000,9000000000000000000,5,45,41,32,13,3,1,0,0,1750199299271815396043,1009911762000000000000,1632169533139766633692,1750199299271815396043,0,57,46
2026-06-16,32,0,12,2053,14,5,211582,14,14,5564635105180328848211,12000000000000000000,0,0,253694399109432,2115820000000000000000,177083568335590134246,5,45,41,32,15,4,1,0,0,5187014658146543353686,3806245161000000000000,5020108085812879636485,5187014658146543353686,0,60,47
2026-06-17,33,1,11,2065,17,6,111486,17,16,2456060968098895004817,0,0,0,160949274581001,1114860000000000000000,28850000000000000000,10,53,48,39,19,5,1,0,0,6528215787194712939504,5180663541000000000000,6203310119341397835379,6528215170625853100935,0,66,53
2026-06-18,34,2,6,2073,13,8,24970,13,19,709462145663485391885,0,0,0,2893779765,249700000000000000000,269386000000000000000,3,53,48,38,20,5,1,0,0,6987977932861092111154,5154183541000000000000,6616657370218265305064,6987977316289338492820,0,67,54
2026-06-19,35,2,5,2080,31,8,105837,31,21,622276944696686278290,0,0,0,0,1058370000000000000000,1000000000000000000,4,55,50,40,21,5,1,0,0,6551884877557778389444,5154183541000000000000,6196760771164908097739,6551880256491770191889,0,68,56
2026-06-20,36,0,0,2080,25,9,89291,25,24,2864622572000000000000,9990000000000000000,0,0,4409610459,892910000000000000000,501000000000000000000,4,58,53,43,24,8,2,0,0,8513607449562187999903,5080643541000000000000,7932212560667294321362,8513501186350682185062,0,71,59
2026-06-21,37,0,1,2081,13,7,26635,13,24,0,0,0,0,0,266350000000000000000,50000000000000000,0,58,53,43,24,8,2,0,0,8247257449562187999903,5067853541000000000000,7665862560667294321362,8247151186350682185062,0,71,59
2026-06-22,38,0,5,2086,19,8,25561,19,24,14790267529605660604,0,0,0,0,255610000000000000000,6540000000000000000,3,59,55,42,22,7,2,0,0,8006437717091793660507,5059693541000000000000,7531772902663115922964,8005860490329626348959,0,73,60
2026-06-23,39,0,1,2087,21,7,56591,21,24,205480485757603925300,0,0,0,4409698786,565910000000000000000,8620000000000000000,8,62,58,47,23,6,2,0,0,7646008202853807284593,5047253541000000000000,7155229730334854972754,7643669494823484701059,0,76,63
2026-06-24,40,0,0,2087,23,8,44985,23,25,26766251107751494269,19980000000000000000,0,0,0,449850000000000000000,5100000000000000000,5,63,59,48,24,5,2,0,0,7202944453961558778862,4819253541000000000000,6767644087459500581108,7199965745931236195328,0,78,64
2026-06-25,41,0,0,2087,26,8,91800,26,26,86386858906362882061,6000000000000000000,0,0,4409844291,918000000000000000000,2110000000000000000,6,64,60,49,24,4,2,0,0,6365331312872331505214,4157793541000000000000,5925443761846392450362,6361702604837599077389,0,79,65
2026-06-26,42,0,3,2090,32,11,109428,32,26,12826632857348345075856,9990000000000000000,0,0,0,1094280000000000000000,10940000000000000000,8,64,60,48,24,7,3,0,0,18087694170220676581070,9882649509566723951566,17626915705540494570711,18084069500185944153245,0,80,65
2026-06-27,43,0,1,2091,16,7,40361,16,26,6305835567170461270262,9990000000000000000,0,0,0,403610000000000000000,1061000000000000000000,3,66,62,49,24,9,4,0,0,23979929737391137851332,8823649509566723951566,23386048479105574166509,23974945072356405423507,0,82,67
2026-06-28,44,0,1,2092,31,6,114931,31,27,10062085675409595328402,0,0,0,0,1149310000000000000000,240000000000000000,3,66,62,49,24,9,4,0,0,32892705412800733179734,9930793916747804951330,32299064154515169494911,32887720747766000751909,0,82,67
2026-06-29,45,0,2,2094,25,9,84542,25,28,13517188120357879192,0,0,0,25380400871416101,845420000000000000000,383411297901990128851,3,65,61,48,24,8,4,0,0,32060827981321962475027,9546843916747804951330,31545602351248053661823,32056553311287230047202,0,82,66
2026-06-30,46,0,2,2096,27,9,334827,27,28,4129791753474549161089,21000000000000000000,0,0,479563404046082667,3348270000000000000000,5600000000000000000,4,66,62,49,24,9,4,0,0,32821829298200557718783,9474113916747804951330,32281804083461314576155,32816844633165825290958,0,82,67
2026-07-01,47,0,7,2103,23,10,41144,23,28,227324409050620274211,4000000000000000000,0,0,0,411440000000000000000,9800000000000000000,8,67,63,49,23,9,4,0,0,32633713707251177992994,9426780078120484047877,32118110615337005156906,32628582598346116716958,0,84,68
2026-07-02,48,0,1,2104,28,9,163088,28,28,77821037728091458569,19990000000000000000,0,0,480053710093863761,1630880000000000000000,8400000000000000000,7,69,65,52,24,9,4,0,0,31061144798689363315324,8692997785865508130934,30516868052940600299288,31053393689771249949692,0,86,70
2026-07-03,49,0,3,2107,25,11,71238,25,28,3564216425398244005631,6000000000000000000,0,0,389178140112185525,712380000000000000000,700000000000000000,6,68,64,52,23,10,4,0,0,33907370402227719506480,9530744662760821499117,33378770199123942516605,33900119293309606140848,0,88,69
2026-07-04,50,0,0,2107,22,9,189084,22,28,1000000000000000000000,0,0,0,0,1890840000000000000000,0,1,69,65,52,24,11,5,0,0,33016530402227719506480,9320984662760821499117,32388870208123942516605,33008724672598644369825,0,89,70
2026-07-05,51,0,0,2107,14,6,34956,14,28,503819708504134033198,109980000000000000000,0,0,984484287270205973,349560000000000000000,0,3,69,65,52,24,11,5,0,0,33061794595019123745651,9276791129791795093990,32426425140061012646246,33053988628156656518669,0,89,70
2026-07-06,52,0,1,2108,28,12,342509,27,29,2648411261606948592395,165270000000000000000,0,0,871566639149195460,3425090000000000000000,200000000000000000,9,69,63,51,22,10,5,0,0,32120717423265221533506,9265851773810759883825,31616758961423583765441,32114962824813583696134,0,89,71
2026-07-07,53,0,5,2113,23,8,39354,23,29,657340726470536548772,0,0,0,0,393540000000000000000,600000000000000000,8,69,63,51,23,10,5,0,0,32384518149735758082278,9228781773810759883825,31844060737995827888688,32378863551284120244906,0,93,71
2026-07-08,54,0,15,2128,35,14,89328,35,31,1883145557595088966254,50000000000000000000,0,0,1639096091659206766,893280000000000000000,221130000000000000000,8,77,71,59,31,11,5,0,0,33326022803422506255298,9079463933556776202241,32518225263124087084287,33310498104780281025852,0,102,79
2026-07-09,55,0,23,2151,49,16,391643,49,34,4491704219702486752816,0,138890000000000000000,59166440949031079876,0,3916430000000000000000,1778120000000000000000,3,84,77,62,32,13,5,1,0,34099353464074024087990,11058051623223605132707,33070199858612202304308,34078247145189802361533,0,105,85
2026-07-10,56,0,14,2165,16,9,114507,16,35,8140666190804521914237,16990000000000000000,15850000000000000000,4840912772471416421,749766412841279971,1145070000000000000000,1659710000000000000000,8,86,79,66,35,14,7,1,0,41099400334063858698619,11065209088790655872558,39540882091593959155877,41067620343640701589477,0,107,87
2026-07-11,57,0,0,2165,0,0,0,0,35,299569064108805956446,60000000000000000000,0,6020285823088635900,0,0,0,4,87,80,67,36,15,7,1,0,41344989683995753290965,11066999293799913024164,39546723514184993921134,41309563617527381718307,0,108,88
2026-07-12,58,0,0,2165,115,18,687834,56,38,13407124098848071701864,9990000000000000000,47090000000000000000,6125969120590171989,956373881646937209,6878340000000000000000,10000000000000000,6,87,80,66,34,15,8,2,0,47917956125846062102027,11794861615184364506933,46118749133225000901749,47885441015403373214673,0,108,88
2026-07-13,59,0,4,2169,72,18,234488,56,39,3760759413786844191733,0,33270000000000000000,6095775195356851642,2070067238373975065,2344880000000000000000,11410000000000000000,7,90,83,67,35,16,9,1,0,49375271382066637120467,11701330888686388983468,46569442306543489614742,49338428907392594163668,0,111,91
2026-07-14,60,0,4,2173,57,15,169946,57,39,13173595254789098337073,0,146980000000000000000,7464513372444158155,0,1699460000000000000000,1100000000000000000,5,90,83,67,35,18,7,2,0,61003851150228179615695,20806893422862545696685,58184988142750002356716,60964802916080780068766,0,111,91
2026-07-15,61,0,4,2177,43,12,186398,43,39,198977373213445100131,2000000000000000000,40450000000000000000,9083953151608777950,1471899594980535664,1863980000000000000000,510000000000000000,6,90,83,67,35,18,7,2,0,59387854376188214029440,20355167532509090922047,56898655530367464287265,59348803657527111295024,0,111,91
2026-07-16,62,0,2,2179,35,12,97708,35,40,2594084889897551446239,0,27090000000000000000,896598955572728467,3063099562631086409,977080000000000000000,0,8,91,84,68,34,18,9,2,0,61035908964603969290555,20498907452943050623587,58223890645219977893904,60994941753636946705780,0,112,92
2026-07-17,63,0,2,2181,38,10,500373,37,40,158332188026569973956,0,144450000000000000000,0,0,5003730000000000000000,10000000000000000,5,91,84,69,34,17,9,1,0,56334961152630539264511,20519570936513050623587,53822862833246547867860,56291474863358832437358,0,112,92
2026-07-18,64,0,1,2182,40,10,189899,40,40,87643853747619798486,0,603640000000000000000,27070505855408640875,0,1898990000000000000000,0,4,91,84,69,34,17,9,1,0,55154325512233567703872,21035267492939743257660,52980510093161561839867,55110825473188418647871,0,112,92
2026-07-19,65,0,0,2182,71,16,233159,71,40,11310576290589878678720,0,161910000000000000000,8753833334674920308,0,2331590000000000000000,0,3,91,84,69,35,18,8,2,0,64303975636158121302900,21090117558759794743101,61785537554187262808388,64260472241606584965273,0,112,92
2026-07-20,66,0,1,2183,36,12,142355,36,40,46580862469467431320,0,330320000000000000000,9689293698361651359,0,1423550000000000000000,1000000000000000000,3,91,84,70,35,17,8,2,0,63267015792325950385579,20678984854704369546290,60950250103910861277087,63222509041565670500081,0,112,92
2026-07-21,67,0,0,2183,41,12,335782,41,40,10531805887509884893,19980000000000000000,44740000000000000000,9694960082081297168,0,3357820000000000000000,0,1,91,84,70,35,15,8,2,0,59954182558295541567640,20294211443074916518340,57679414091296206022517,59909672324572771165222,0,112,92
2026-07-22,68,0,1,2184,46,16,1115336,46,40,16791719355972974551571,0,2916020000000000000000,9471511326293930799,1447597213454864850,11153360000000000000000,200000000000000000,6,91,84,70,34,16,8,2,0,68519481022808264914860,32384029951080434105932,66302773966687355983861,68476543065629304202493,0,112,92
2026-07-23,69,0,7,2191,57,19,180326,57,42,10847594632338219226215,0,10460000000000000000,7050410916273829375,6127436538815994456,1803260000000000000000,32810000000000000000,10,94,87,72,37,19,9,2,0,77587453502601573964906,39817357276573149904596,74713274591061528096881,77533706262464254314990,0,115,95
2026-07-24,70,0,1,2192,64,18,500888,64,43,50107476581624671918919,99990000000000000000,230740000000000000000,8040117234524472318,0,5008880000000000000000,510000000000000000000,4,96,89,74,39,19,9,3,0,122824840201460770356143,51476215689411236744230,119975028258443399957957,122761340942639796103660,0,117,97
2026-07-25,71,0,1,2193,56,18,263087,56,44,1407263453028448564236,0,173660000000000000000,11520658119814551453,6578291511102683550,2630870000000000000000,5000000000000000000,5,97,90,75,39,18,7,3,0,121792992604120136155382,51419455646330558161450,118718725326818098495295,121724556252739301699110,0,118,98
2026-07-26,72,0,3,2196,52,17,145709,52,45,1315430809931820621415,0,69440000000000000000,13109176035120180950,3704150621753568626,1457090000000000000000,42000000000000000000,7,98,91,76,41,18,7,3,0,121737586740708830526373,51033781358476469841025,118252717724103537756400,121662680902440000533399,0,119,99
2026-07-27,73,0,7,2203,59,22,294019,59,48,11153330129879275774873,1019980000000000000000,29250000000000000000,13044858649705586974,3694968509351215845,2940190000000000000000,82880000000000000000,9,102,95,80,45,19,9,3,0,128976736697747163104065,50919969880482382347361,124063387635366074397372,128873444831549490791386,0,123,103
2026-07-28,74,0,11,2214,61,21,435603,61,52,1192742160733501397727,19980000000000000000,35750000000000000000,13531879570312494622,3883195543060525478,4356030000000000000000,1332100000000000000000,7,107,100,85,48,21,8,3,0,125846633933594037521892,50775853795594156490879,120277329756261564155648,125711943559451571317639,0,128,108
2026-07-29,75,0,22,2236,59,23,148546,58,55,2259511582386973984428,30000000000000000000,136850000000000000000,13636490792008518937,3864692322605548009,1485460000000000000000,93000000000000000000,13,112,105,89,54,25,8,3,0,126745036699095625573266,50593703660546157466313,119485796496599476497912,126570475388392576170028,0,134,113
2026-07-30,76,0,5,2241,75,27,786471,74,58,10911664364166183599475,28800000000000000000,51430000000000000000,13571725787282384373,3823933851135852190,7864710000000000000000,570010000000000000000,11,120,112,95,59,27,10,3,0,129832016722900227409304,50452269193248210042563,120712237590287560522855,129599215529376813479846,0,142,121
2026-07-31,77,0,2,2243,97,29,345092,96,60,3270958553506889699182,724950000000000000000,36710000000000000000,13398866316115972122,3734852426088780815,3450920000000000000000,2510000000000000000000,10,123,114,97,59,26,12,3,0,128980948995149321861423,50118238651693733423430,120027074379471863511965,128732604313054613881879,0,144,124
2026-08-01,78,0,0,2243,108,29,283634,108,61,12013781316962065900213,500000000000000000000,1077710000000000000000,13784904348724677441,4102784006396573429,2836340000000000000000,0,5,124,115,98,58,26,13,4,0,138753988000466509012506,49638638666057260322461,128105635726467795480759,138509378542542903100087,0,145,125
2026-08-02,79,0,1,2244,55,23,933437,54,64,31881996552689401449577,9990000000000000000,3490000000000000000,14850172885888428829,4281420603960643548,9334370000000000000000,0,8,126,117,100,60,28,14,5,0,161314246146645759534460,49548024163348126016761,148100924311884988029727,161045965669753824012550,0,147,127
2026-08-03,80,0,7,2251,59,25,607492,59,66,1742211860366547266432,5560000000000000000000,62040000000000000000,16026028384399114053,4727646332442576097,6074920000000000000000,65000000000000000000,11,131,122,104,61,29,13,5,0,151504331681729148491042,49417028160107519307559,139996858567226646032658,151206604872040763857566,0,151,132
2026-08-04,81,0,8,2259,78,29,453445,77,69,333225277701546291779022,245109980000000000000000,85520000000000000000,16469432321101171101,5055699382366911287,4534450000000000000000,13030000000000000000000,14,135,126,109,65,33,19,7,0,235192224514978908352452,50405387572324585030354,207028505134447796437572,234816317769135279006759,0,155,136
2026-08-05,82,0,5,2264,106,33,734760,105,73,36099376746736936028067,69684643033751901364,37910000000000000000,19424797190208679502,5620107841408796214,7347600000000000000000,40000000000000000000,13,138,129,111,70,37,19,7,0,263937271523713709954871,50407413683494272829640,230286605532325183369666,263449724545716126400293,0,158,139
2026-08-06,83,0,3,2267,102,27,441988,102,74,3106463731706850678690,39028240968844702645,3896490000000000000000,27128023365108414425,6390280531575407091,4419880000000000000000,19000000000000000000,11,139,130,113,71,37,20,8,0,266514835318348399752432,50412966720444616760918,232902646105769861588197,266029538778426008938279,0,160,140
2026-08-07,84,0,5,2272,113,30,361925,112,75,725349589245208309799,3481184984535861209606,63970000000000000000,28698166812724919508,7148788127196856124,3619250000000000000000,5000000000000000000,8,140,131,113,71,38,20,8,0,260239566877997668628257,50418520288199058542310,227401616972751344693547,259750603955356050613510,0,160,141
2026-08-08,85,0,3,2275,112,28,1004273,112,75,2387949112382502347978,5000000000000000000000,4610000000000000000,28421041711683458893,7005815127070920048,10042730000000000000000,10000000000000000000,9,141,132,114,73,38,19,8,0,247624822847218925355176,50424074453175702919287,217570799508871987772856,247100603071573897277790,0,161,142
2026-08-09,86,0,6,2281,94,26,368734,93,76,653319956777080173983,5704990000000000000000,7740000000000000000,27027380324815318386,6680407475749815727,3687340000000000000000,4013000000000000000000,6,144,135,117,73,34,19,8,0,238927260591796570663272,50429629215742702414717,206831629089491114577630,238392060784920232849201,0,164,145
2026-08-10,87,0,17,2298,116,33,1218485,116,79,24363472565138537022892,3019990000000000000000,328350000000000000000,26117279686530523337,6362462654363007375,12184850000000000000000,145010000000000000000,17,148,139,121,75,36,20,8,0,248446722899276001216876,50435184575211872321036,212761782118768956432650,247844275134852194840614,0,168,149
2026-08-11,88,0,18,2316,100,28,481604,99,81,100214973951043606324288,20009990000000000000000,44790000000000000000,25852523797779030492,6304556687199500701,4816040000000000000000,6062480000000000000000,13,152,143,125,79,40,19,7,1,323912613930804586072357,141823628832642360424216,287362258583771797352874,323180124411057326320319,0,172,153
2026-08-12,89,0,25,2341,115,35,1193354,115,85,5431654336830010717895,13550530525433764439,19710000000000000000,34217714351681293628,8626813874910024777,11933540000000000000000,252010000000000000000,22,160,151,133,87,48,20,7,1,317459732265335754344218,141661722658074100398856,278399613416835332958389,316202841054342563552819,0,180,161
2026-08-13,90,0,12,2353,130,37,416221,130,86,8658505439538363676416,987550149379395671683,100360000000000000000,34344116994225525469,8312062914510214654,4162210000000000000000,750100000000000000000,15,167,158,140,94,52,20,6,1,321111493735403458089074,141475167467571502699546,280976470676960461464229,319612905457082410450331,0,187,168
2026-08-14,91,0,8,2361,162,42,614215,143,91,6978067213556493749657,769704408005209591992,154810000000000000000,34199324134671688903,8224270494331504310,6142150000000000000000,550000000000000000000,19,174,164,146,96,53,20,7,1,321374940135583745439952,141354416329795222236926,280934180445568367030700,319592420619734136754361,0,194,175
2026-08-15,92,0,9,2370,139,33,815559,137,91,24347616088497230630110,102000000000000000,469210000000000000000,34815397228921203137,8507147438788942451,8155590000000000000000,20030000000000000000,9,177,168,149,99,50,21,8,1,338079396768748686215650,141356013031260436221274,294306033638037499371704,336310563401638598691057,0,197,178
2026-08-16,93,0,0,2370,119,27,445131,119,92,3691344297595163871439,0,76640000000000000000,35945735895732728783,8705416870818903501,4451310000000000000000,76000000000000000000,13,177,168,149,100,53,23,8,1,337440722219110401719373,141345828820504404390052,291983063623317705947607,335605147796019040822530,0,197,178
2026-08-17,94,0,5,2375,100,36,324659,100,94,1190548460282764191289,6000000000000000000,440690000000000000000,36317963567779145616,8614041267930804038,3246590000000000000000,80010000000000000000,14,181,172,153,101,51,22,7,1,335864302684228875860316,141310354839346856470940,291630207559345226793508,333930756144617526789583,0,201,182
2026-08-18,95,0,7,2382,135,41,900533,135,98,58117401319930676678703,0,158640000000000000000,36119399038959458164,8514000301159879550,9005330000000000000000,20040000000000000000,16,183,174,156,105,55,23,7,2,385179647403499671876733,141175265153973579057332,336976659988013120182835,382897768460807090640757,0,203,184
2026-08-19,96,0,6,2388,99,37,1194969,99,100,55335209875917861864602,50017456093634427055277,58080000000000000000,38786427913321447670,8456716520089089226,11949690000000000000000,72230000000000000000,21,191,182,164,107,54,23,7,2,378653034330216517222954,140398111997371559568761,333494368469332229285849,376168917821285305255178,0,211,192
2026-08-20,97,0,8,2396,124,39,827217,124,100,74017935567968769685402,2500395923196543317944,331540000000000000000,41047332971395677589,8627101583611108019,8272170000000000000000,45210000000000000000,22,195,187,167,110,57,25,9,2,442279618409543750376020,140230066029804646965034,388291554790646756621930,439555189924814838945895,0,215,196
2026-08-21,98,0,27,2423,132,41,1084526,132,102,94353879699245358386988,20000000000000000000000,621140000000000000000,43401091896175959911,8728031630306336399,10845260000000000000000,217120000000000000000,18,198,190,170,114,61,26,9,2,506461507232315591059318,140247854542252966280081,442420743451322173042141,503247610448817558722645,0,218,199
2026-08-22,99,0,6,2429,150,43,1628125,150,107,8241878611969555987240,200000000000000000,93720000000000000000,21682289554318673130,10143938012730339026,16281250000000000000000,41000000000000000000,15,201,193,173,118,62,26,8,2,498547482071852196058714,139946987980812620071630,436782944174552199846015,495138671397036683418580,0,221,202
2026-08-23,100,0,1,2430,145,47,1068013,145,109,25326768577107534865498,0,102990000000000000000,0,11947176395079390426,10680130000000000000000,10000000000000000,13,202,194,173,118,65,31,8,2,513309057825354810314638,139634590743071458671630,436424724837489897859022,509305865550811836135377,0,222,203
2026-08-24,101,0,13,2443,157,43,1550804,156,113,15470576220724286920125,29840004946927200445,19890000000000000000,137205982708717207923,12102909220952833066,15508040000000000000000,73800000000000000000,19,204,196,177,123,69,32,7,2,513410952933061840075307,139453377255106046456269,430343847383933254949361,507903516729464966282959,0,224,205
2026-08-25,102,0,18,2461,167,50,1634127,167,117,58267380541544763295745,2808463619504928643043,33930000000000000000,55368143463824957590,12535843785209107621,16341270000000000000000,20000000000000000000,31,210,202,182,125,69,34,8,2,552630433842350708793220,138912430547055791945599,461829339204769298067676,547279097085543751964633,0,230,211
2026-08-26,103,0,18,2479,208,59,1043399,208,123,13677826211607035261227,8313262437886800326848,32950000000000000000,56972691131404887857,13039616585057238352,10433990000000000000000,30000000000000000000,20,216,208,186,128,68,34,8,2,547663969923787405853808,138655735350979307915674,456977929445112943256663,541734766734904074383354,0,236,217
2026-08-27,104,0,21,2500,164,53,546548,164,127,15021463656187121014764,13726203551162007259,177140000000000000000,59183860325673041497,12854160514469693358,5465480000000000000000,31030000000000000000,21,221,213,188,129,72,35,9,2,557455405397263507596168,138398987798778204217421,459364174618679984296858,551226027759913176988670,0,241,222
2026-08-28,105,0,8,2508,202,55,1311721,201,131,27886571784751065948325,51629990000000000000000,91290000000000000000,59359074378321196990,12882114776922039448,13117210000000000000000,8040000000000000000000,21,225,217,190,133,73,37,7,2,520758308371169816780931,137957579524341176077415,408530307368563886682694,512409335338244371891519,0,245,226
2026-08-29,106,0,6,2514,192,52,907532,191,131,33124756968357772137488,18000000000000000000000,394380000000000000000,59528265785420135562,14336123529630589613,9075320000000000000000,105000000000000000000,19,227,219,194,135,76,39,7,2,527275989728842639643594,137842414388185974691562,408319757398993453085423,517173745493606776952495,0,247,228
2026-08-30,107,0,6,2520,200,52,792075,199,131,5109608983610293364886,10000000000000000000,171870000000000000000,56370275748370280282,13327164414928304419,7920750000000000000000,4040000000000000000000,14,230,222,196,136,75,42,7,2,524696416152616231593181,137761162653265923134933,407306083605759909408054,515123636464354544062349,0,250,231
2026-08-31,108,0,14,2534,151,47,790617,150,132,13990187117563150570380,0,55170000000000000000,56507454279787002563,13126523050597702401,7906170000000000000000,30000000000000000000,20,233,225,201,141,81,46,7,2,530905237247509766868525,137774401513310005860748,405826278525375478432219,517904753514308034815331,0,253,234
2026-09-01,109,0,4089,6623,189,74,1605519,188,150,218400701324129758071250,1209349191444094332623,563830000000000000000,56889689228897107278,13836429131465010682,16055190000000000000000,3217700000000000000000,94,310,302,276,212,125,65,16,2,732675955498555792725112,137831877375336605638992,486509491191712351404134,686738437292988177478358,0,332,311
2026-09-02,110,0,2084,8707,247,95,1721384,244,186,1269538138563055975899323,45501457146156144259098,1298390000000000000000,66133329288096880914,15929339045328450481,17213840000000000000000,104010000000000000000,85,372,360,333,262,159,80,20,4,1940879249583789049696732,1000636459801282277951855,1585199592755952392675715,1860967717481159079834839,0,393,373
2026-09-03,111,0,525,9232,389,136,3880172,364,217,140168249606961047233295,17767838547217175559079,2582550000000000000000,156934721260475454932,19961379941945694360,38801720000000000000000,60000000000000000000,66,396,384,357,285,167,91,22,4,2027237386744735342520240,1000713638640921434269369,1612311015789495638835385,1925322584377562331412047,0,418,397
2026-09-04,112,0,293,9525,384,139,2530248,378,237,1122099453949539823747663,74531480000000000000000,253590000000000000000,214773634159234859325,18312937211337790097,25302480000000000000000,2403000000000000000000,67,411,396,368,290,181,93,21,5,3049989557265645738917325,1049955134055447296060456,2611879603947189537586453,2931771225898896212680352,0,432,412
2026-09-05,113,0,209,9734,410,131,2146112,407,252,221630179140527081687613,348630000000000000000,2773140000000000000000,228383424012997665104,0,21461120000000000000000,450000000000000000000,38,418,404,375,293,188,92,20,5,3252811509830185818270042,1049938906768403067799252,2810210956250305150457178,3132104914419528570269364,0,439,419
2026-09-06,114,0,169,9903,378,120,4603192,375,257,175755263414460846760110,67687050000000000000000,11769220000000000000000,346828427962887398143,0,46031920000000000000000,160000000000000000000,48,425,409,381,300,195,93,25,6,3326963851672609552428295,1001022091491739325272446,2818668168642843848290822,3195496495552878228980760,0,446,426
2026-09-07,115,0,204,10107,360,132,2838210,357,271,84680692540635619373522,86000000000000000000,514980000000000000000,355512976981026267524,2874647674353398348,28382100000000000000000,1832810000000000000000,56,433,419,390,307,206,104,25,5,3384049811837900551467689,1001129659052056096672739,2817820199586965456882686,3228188417211276307042211,0,454,434
2026-09-08,116,0,189,10296,356,124,5402951,352,282,636573206193638914462338,82102342968801703003454,1607560000000000000000,360454811006656950581,65459018356459173797,54029510000000000000000,54800000000000000000,77,449,435,403,326,225,114,32,6,3886524638892100879050951,1001239679648662767530643,3108228187962370969683573,3668979211552408814855650,0,471,450
2026-09-09,117,0,168,10464,432,145,6155994,429,296,148504755569180218415149,22853300000000000000000,466680000000000000000,388967120898112300651,53043743705419303440,61559940000000000000000,2014800000000000000000,67,459,442,407,336,233,123,34,6,3951524845325884629070191,1001334368170592423477341,3106996853325364082491795,3716165790172683791715569,0,481,460
2026-09-10,118,0,220,10684,394,144,2434008,387,307,177315014626307824010444,51098214686544840738923,667440000000000000000,73673761719411758817,31259894230091906550,24340080000000000000000,2720300000000000000000,55,478,462,425,350,241,131,35,7,4054173938921597116007079,1000093990344501392347383,3135473636297846712061810,3784101080450575172996126,0,500,479
2026-09-11,119,0,113,10797,436,157,2943902,427,322,140039625517536474393659,20969242511441177424116,510240000000000000000,771956978673945189138,33284770962952908094,29439020000000000000000,32800000000000000000,61,491,475,438,363,246,135,36,7,4145120783677329311073854,1000218799090876581300057,3148102776610012631354780,3859367102048637255279155,0,513,492
2026-09-12,120,0,84,10881,526,152,3064289,519,335,98799431883035748470103,1282882260921599845692,1495200000000000000000,419557858800698672845,33870758788181693771,30642890000000000000000,242780000000000000000,66,505,487,449,373,255,140,36,7,4213943071917032340064881,1000327099897561683124503,3187671169871425865211937,3908966332621659851466780,0,527,506
2026-09-13,121,0,112,10993,483,164,2183650,478,349,115227430313277169204023,29257200000000000000000,396630000000000000000,9600044046622200494,34706709348381817930,21836500000000000000000,4800000000000000000,60,517,499,460,380,262,147,37,7,4278517738983704513287328,1000327913726239334704503,3187317824722593081800715,3940064285803641458182201,0,539,518
2026-09-14,122,0,226,11219,470,165,3996355,464,368,112361257657561757561115,33689350000000000000000,3817880000000000000000,0,35494128136721066433,39963550000000000000000,474800000000000000000,95,553,536,494,411,280,155,38,7,4321079470769402991914876,1000313457554916986284503,3187006023176256927687487,3965966197373617854835827,0,576,554
2026-09-15,123,0,209,11428,483,168,4510690,476,395,93953218697345435752409,575190033607740154252184,3808550000000000000000,0,37033121356553128349,45106900000000000000000,2538800000000000000000,92,588,569,525,437,301,160,41,7,3798581338980364826543450,999117810932408220701686,2678129288622073762907085,3421092032881903882484891,0,612,589
2026-09-16,124,0,154,11582,618,209,3504714,612,421,671626726657439294279768,1134534573680539945022700,1754550000000000000000,0,38166333337311680566,35047140000000000000000,5021060000000000000000,88,616,598,548,457,314,165,40,6,3302419068290601487481084,999118624761085872281686,2177547145590590563571913,2883900471672241523262609,0,640,617
2026-09-17,125,0,219,11801,650,225,4325941,642,447,159452246660650662560543,24479077188725810876164,846910000000000000000,1819649231755919831126,54651540845216620383,43259410000000000000000,15800000000000000000,118,651,629,581,485,331,173,42,6,3396854038535127475616972,992540958642190093430200,2192088261813606916653043,2951641074697212499391868,0,674,652
2026-09-18,126,0,134,11935,711,239,10726714,697,477,184949465390628370574918,38153572801003460155884,851390000000000000000,431003182548230579139,53675330274092408688,107267140000000000000000,877300000000000000000,95,678,655,607,510,351,181,43,6,3437718859637574709023833,992665532865441357746706,2187327521913892427784755,2990986654077796296578362,0,701,679
2026-09-19,127,0,110,12045,776,240,8010099,759,507,194690394711139254488203,7798708819075630383153,1592370000000000000000,393748678715271086863,55692423388517537025,80100990000000000000000,6800000000000000000,120,710,687,639,531,360,191,49,6,3546551366631742121752771,992789612937659206596479,2186708273403869616175534,3027203079613903061328196,0,732,711
2026-09-20,128,0,140,12185,713,246,13927103,702,522,270621519611622786354328,23430021576888306004345,840790000000000000000,420370749101392096268,57489109958380525265,139271030000000000000000,25600000000000000000,128,732,709,658,544,368,188,49,6,3655790484525536374724287,992913376322234538288941,2218694853555140662157835,3108423624518567513938537,0,754,733
2026-09-21,129,0,112,12297,685,243,6341584,678,549,179188286771050048609077,4375120000000000000000,2364210000000000000000,420197608178090300767,59090140760590125219,63415840000000000000000,5164800000000000000000,137,753,731,675,569,392,199,51,6,3770031309045525103759350,993462683020965404453582,2222404008081350633924861,3184286064172490239291173,0,775,754
2026-09-22,130,0,113,12410,734,256,6670408,717,567,605566894450512313499905,1024170859450182697133923,4764830000000000000000,414887225192338032027,61975621928976187911,66704080000000000000000,1205600000000000000000,120,777,749,699,588,404,207,52,7,3289964956892976034345270,350000786759089758611812,1607955781282283313955262,2636623306877314243878293,0,800,778
2026-09-23,131,0,93,12503,790,268,6856007,767,588,242844494372489732619535,23015953532076478802576,1033250000000000000000,462205021712979577634,67251239731511413633,68560070000000000000000,3505800000000000000000,119,801,775,722,608,419,212,51,8,3442796133994833779153496,350000873926001675144545,1653323297864355604157046,2787439170389997810962970,0,825,802
2026-09-24,132,0,111,12614,798,264,7398377,782,604,155967606084179291327857,111459319532403642767887,15752280000000000000000,376267506729118477058,69584518782250463958,73988770000000000000000,158840000000000000000,106,818,788,741,617,432,212,52,8,3429513782572120796654482,350007747456812062834826,1651655711240962086580172,2765421115907538951178769,0,842,819
2026-09-25,133,0,104,12718,847,285,5817941,825,623,125404095857181829846918,30292757852143872762593,1919830000000000000000,337706077937079473335,71371133573552177584,58179410000000000000000,295810000000000000000,119,843,811,763,632,424,215,55,8,3468774617788669385389726,350050026359324357917197,1651733388951881122574487,2763760055026805387324589,0,866,844
2026-09-26,134,0,130,12848,1084,301,8521888,1053,638,198952859000081002074642,7121930000000000000000,1206610000000000000000,483056894091030531473,71792360484431873899,85218880000000000000000,281810000000000000000,136,857,823,773,646,437,220,56,8,3577148126043325849869740,350092305946177797183538,1653754270155255025203708,2814800968986838636108860,0,880,858
2026-09-27,135,0,74,12922,867,286,5517602,845,650,82904120367382198217022,4839850000000000000000,1009830000000000000000,406590234502880226162,72384183068091999717,55176020000000000000000,24800000000000000000,91,872,839,784,649,441,218,52,8,3601525180828279020312641,381000063399018538538692,1684180457053408130823371,2842594508312917955744341,0,895,873
2026-09-28,136,0,118,13040,768,278,6899415,757,661,549343262238018915867521,491152690000000000000000,3351210000000000000000,332633483255850766420,87392208073439161962,68994150000000000000000,535020000000000000000,111,883,850,792,656,448,225,51,8,3594492838757627226108544,381057104116629655858877,1684601123698938051952151,2827182541180961804379444,0,906,884
2026-09-29,137,0,178,13218,786,305,8234393,769,687,295752677289209382241528,79142091525155334320540,1167620000000000000000,547207486073157488342,95786545547540616243,82343930000000000000000,925800000000000000000,143,914,881,824,685,474,223,54,10,3730570108553301972134117,381116463354139675081020,1736506388368324257455854,2949584973866854095682057,0,939,915
2026-09-30,138,0,100,13318,970,339,6074151,945,705,192635336443425123458218,152960713333899436863116,2443010000000000000000,882852498570656012419,96621375220284735689,60741510000000000000000,354800000000000000000,135,931,893,834,695,470,231,51,10,3712925705536618599477327,381223926266308258392653,1734740301584773754405033,2925024219653199393132873,0,956,932
2026-10-01,139,0,119,13437,1036,344,8610082,1002,728,262083196002507074021385,27634060000000000000000,3170400000000000000000,448763587724907043466,100058881822953692248,86100820000000000000000,849800000000000000000,160,967,928,872,729,498,251,57,10,3864993244008673534234426,381285450206482620632427,1735007089114678697732299,3022480062456334248920490,0,992,968
2026-10-02,140,0,141,13578,1147,364,16532007,1110,757,159745881902494574805560,10022549034407619488460,2758220000000000000000,456391508567218323975,101861500711724787648,165320070000000000000000,8030980000000000000000,152,1003,961,902,755,518,260,55,10,3852712979886039432663149,381346985436521480894850,1734744365230569001338956,2962489737064738506337070,0,1028,1004
2026-10-03,141,0,158,13736,1275,369,8873752,1225,776,197060346315100217733612,11847130000000000000000,2511210000000000000000,464048360175532745717,104122192268149269828,88737520000000000000000,1053800000000000000000,155,1029,989,933,775,526,268,57,10,3952268056753583332412306,381408530565164169484913,1735199476797694095067940,3029042714618406017301614,0,1053,1030
2026-10-04,142,0,153,13889,1190,377,9288957,1155,797,80424594266167671212638,6405559373755691554534,5551240000000000000000,468537300658013652096,104914261648523738839,92889570000000000000000,2540560000000000000000,139,1051,1007,947,788,528,264,54,10,3939522213208301849461345,381470085608933497756652,1734822953055079962646224,3036383144203340678072609,0,1075,1052
2026-10-05,143,0,214,14103,1250,382,8708769,1206,820,166503910417992423277088,41739069670907079117091,2371360000000000000000,476341061544427283374,107048358990692762218,87087690000000000000000,9666800000000000000000,168,1082,1042,978,816,547,280,55,10,3980154113375922313666934,381531650623197936532640,1719806426798009646210753,3016700238824292568404024,0,1106,1083
