date,symbol,short_volume,short_exempt_volume,total_volume,market
20260626,USDE,101476.698786,39361,127427.392603,"B,Q,N"
20260626,USDEW,7600,0,10600,"Q"
20260629,USDE,46967.523053,20804,74950.326456,"B,Q,N"
20260629,USDEW,102445,32015,130328,"Q"
20260630,USDE,52168.285600,17482,67515.920469,"Q,N"
20260630,USDEW,27403,12137,29439.000000,"Q"
20260701,USDE,148034.436400,38946,276041.579771,"B,Q,N"
20260701,USDEW,27962,17161,47316,"Q,N"
20260702,USDE,10415740.278400,2763284.285100,16209873.455644,"B,Q,N"
20260702,USDEW,125824,18326,317157,"Q,N"
20260706,USDE,585681.688100,121949,1036916.104621,"B,Q,N"
20260706,USDEW,4015,4000,20260,"Q"
20260707,USDE,232736.848400,46618,508828.671842,"B,Q,N"
20260707,USDEW,225,201,1090,"B,Q"
20260708,USDE,217268.041700,61015,463760.844836,"B,Q,N"
20260708,USDEW,311,298,1237,"B,Q"
20260709,USDE,402408.923700,121027.576900,653227.192771,"B,Q,N"
20260709,USDEW,43962,28810,46515,"Q"
20260710,USDE,187430.676100,22665,355385.458239,"B,Q,N"
20260710,USDEW,321,0,22193,"Q"
20260713,USDE,125702.823578,32328.402000,280337.198184,"B,Q,N"
20260713,USDEW,25984,5973,33807,"Q"
20260714,USDE,353899.818025,0,716742.760337,"B,Q,N"
20260714,USDEW,380,373,533,"Q"
20260715,USDE,213792.075830,0,408960.202824,"B,Q,N"
20260715,USDEW,519,14,1558,"Q"
20260716,USDE,206695.469429,0,405773.646173,"B,Q,N"
20260716,USDEW,935,0,938,"Q"
20260717,USDE,69945.441551,2400,241442.621914,"Q,N"
20260717,USDEW,3,0,102,"Q"
20260720,USDE,95475.500859,21857,198217.866386,"B,Q,N"
20260720,USDEW,3,0,2006,"Q"
20260721,USDE,146267.090553,1627,303933.719456,"B,Q,N"
20260721,USDEW,6304,801,9707,"Q"
20260722,USDE,149575.208948,9664,362720.012080,"B,Q,N"
20260722,USDEW,5523,807,5556.444444,"Q"
20260723,USDE,127152.263482,817,394686.790056,"B,Q,N"
20260723,USDEW,11004,0,20846,"Q"
20260724,USDE,234188.747131,22648,577739.922380,"B,Q,N"
20260724,USDEW,1014,601,3921,"Q"
20260727,USDE,115128.692927,9017,285699.874821,"B,Q,N"
20260727,USDEW,3,0,4506,"Q"
20260728,USDE,141650.737164,1,303566.645513,"B,Q,N"
20260728,USDEW,203,0,270,"Q"
20260729,USDE,24619.261620,1270,123081.959377,"B,Q,N"
20260729,USDEW,5356,0,5359,"Q"
20260730,USDE,120945.758876,7358,223085.387512,"B,Q,N"
20260730,USDEW,14003,6900,17757,"Q"
20260731,USDE,89358.672190,2519,254641.610133,"B,Q,N"
20260731,USDEW,5603,0,5806,"Q"
20260803,USDE,38252.180515,7664,137116.928826,"B,Q,N"
20260803,USDEW,14859,0,15862,"Q"
20260804,USDE,49480.282622,0,171963.191519,"B,Q,N"
20260804,USDEW,19654,0,19657,"Q"
20260805,USDE,176994.803041,0,346983.674394,"B,Q,N"
20260805,USDEW,34504,0,35298,"Q,N"
20260806,USDE,32605.714553,3988,85622.143716,"B,Q,N"
20260806,USDEW,11395,0,21798,"Q"
20260807,USDE,18190.860000,5753,132501.924236,"B,Q"
20260807,USDEW,1629,1226,21772,"Q"
20260810,USDE,27591.356020,1502,112411.256223,"Q,N"
20260810,USDEW,913,910,18461,"Q"
20260811,USDE,47895.404656,0,144567.332015,"B,Q"
20260811,USDEW,16849,0,18851,"Q"
20260812,USDE,6068.623187,0,38505.283323,"B,Q"
20260812,USDEW,3,0,6503,"Q"
20260813,USDE,88942.056250,0,151652.788674,"B,Q,N"
20260813,USDEW,502,500,506,"Q"
20260814,USDE,139510.144692,0,296420.117389,"B,Q,N"
20260814,USDEW,19012,4190,19313,"Q"
20260817,USDE,119753.677277,1787,264470.381839,"B,Q,N"
20260817,USDEW,981,0,2469,"Q"
20260818,USDE,37189.810367,4674,177782.469096,"B,Q,N"
20260818,USDEW,3,0,3,"Q"
20260819,USDE,133727.989191,18287,227303.037612,"B,Q,N"
20260819,USDEW,5590,0,16873,"Q"
20260820,USDE,784392.270413,3212,1278319.012425,"B,Q,N"
20260820,USDEW,26611,0,28473,"Q"
20260821,USDE,28621836.577412,335066,49587211.880678,"B,Q,N"
20260821,USDEW,258288,800,490747,"B,Q,N"
20260824,USDE,2370022.391370,337272.094918,4595957.132078,"B,Q,N"
20260824,USDEW,12931,690,83488,"Q"
20260825,USDE,852836.220173,82664,1778177.972928,"B,Q,N"
20260825,USDEW,27789,3001,29677,"Q,N"
20260826,USDE,305274.262882,45084,572828.870116,"B,Q,N"
20260826,USDEW,70902,0,100490,"Q,N"
20260827,USDE,7068473.534885,78909,12203537.759586,"B,Q,N"
20260827,USDEW,64524,600,84787,"Q,N"
20260828,USDE,1486470.609079,244210.594948,2437725.871669,"B,Q,N"
20260828,USDEW,8769,988,22356,"Q,N"
20260831,USDE,2926285.053640,470550.853862,5320423.575457,"B,Q,N"
20260831,USDEW,42118,7454,99502,"B,Q,N"
20260901,USDE,1127839.848583,164654.412342,1957837.496061,"B,Q,N"
20260901,USDEW,30553,5044,35643,"Q"
20260902,USDE,704590.485131,120333.143900,1197574.326863,"B,Q,N"
20260902,USDEW,9759,3136,18138,"Q"
20260903,USDE,2039106.544682,306500.484725,3156511.392567,"B,Q,N"
20260903,USDEW,65500,106,100011,"Q,N"
20260904,USDE,1054879.325760,181322.512550,1617376.635392,"B,Q,N"
20260904,USDEW,19263,12492,23984,"Q,N"
20260908,USDE,704903.599340,144818,1050474.598468,"B,Q,N"
20260908,USDEW,37764,7567,44779,"Q,N"
20260909,USDE,857794.913549,179283.508259,1688656.412087,"B,Q,N"
20260909,USDEW,4900,608,16163,"Q,N"
20260910,USDE,724557.561590,6388,1093801.354870,"B,Q,N"
20260910,USDEW,14305,7078,102237,"Q"
20260911,USDE,979926.070736,5333,1776616.332749,"B,Q,N"
20260911,USDEW,5674,412,13846,"Q"
20260914,USDE,452467.675284,2743,930665.720398,"B,Q,N"
20260914,USDEW,7751,1700,22386,"Q,N"
20260915,USDE,947511.278338,140788.169934,1538969.156372,"B,Q,N"
20260915,USDEW,3602,0,12288,"Q,N"
20260916,USDE,286970.869242,68581,568321.005584,"B,Q,N"
20260916,USDEW,18771,0,25598,"Q"
20260917,USDE,4151566.849304,118309,7828253.439871,"B,Q,N"
20260917,USDEW,12554,0,22275,"Q"
20260918,USDE,2768250.834197,51535,5095734.429783,"B,Q,N"
20260918,USDEW,24150,0,74615,"Q,N"
20260921,USDE,2043401.364248,16065,3216606.384864,"B,Q,N"
20260921,USDEW,15207,0,120412,"Q,N"
20260922,USDE,1097536.229866,9063,1765799.169814,"B,Q,N"
20260922,USDEW,7371,0,114783,"Q,N"
20260923,USDE,527936.170084,11631,940957.954863,"B,Q,N"
20260923,USDEW,24882,2830,28949,"Q"
20260924,USDE,1459562.558363,60723,2353235.534004,"B,Q,N"
20260924,USDEW,33883,4834,113618,"Q,N"
20260925,USDE,2307727.169651,15266,3407763.690623,"B,Q,N"
20260925,USDEW,128544,240,263918.082214,"B,Q,N"
20260928,USDE,851122.847039,2700,1327826.516982,"B,Q,N"
20260928,USDEW,44044,4679,147952,"Q,N"
20260929,USDE,1032357.897085,139364.154053,1791963.358708,"B,Q,N"
20260929,USDEW,47785,8566,74701,"Q"
20260930,USDE,1346479.313879,11993,2265218.237622,"B,Q,N"
20260930,USDEW,56174,2864,138047.696857,"Q,N"
20261001,USDE,500777.635739,5301,781641.319475,"B,Q,N"
20261001,USDEW,18232,0,54518.960396,"Q,N"
20261002,USDE,680357.535338,23884,1211834.030817,"B,Q,N"
20261002,USDEW,15550,3350,59419,"Q,N"
20261005,USDE,746232.542139,14515,1116944.054273,"B,Q,N"
20261005,USDEW,16502,5571,45529.801523,"Q,N"
20261006,USDE,427244.731564,11678,717148.184751,"B,Q,N"
20261006,USDEW,25019,1100,40674.662236,"Q,N"
20261007,USDE,443735.814852,14858,792111.542520,"B,Q,N"
20261007,USDEW,45570,11766,66952,"Q,N"
20261008,USDE,542243.063425,136402.238736,889300.343177,"B,Q,N"
20261008,USDEW,87107,50724,104045,"Q,N"
