file,bytes,sha256
filing_facts.csv,1136,80f152a24f3a0fbf2146d6b92885641598ad8ec7905cddd1a5802fd549640e1b
finra_daily_fetch_log.csv,13529,9c343788bf9cb48648e2e1727cebf960f41a865c36d622428ae8f6eeb07f52d0
finra_daily_short_volume.csv,6810,42219470d0842f6f4cc066df39398130f2c576e7af6c513d6762532f651e4702
finra_recheck_log.csv,1083,760519cb697e7d8f9369477679fa1c5bfc67038516379d13a1a164ac99bfcc18
finra_short_interest_fetch_log.csv,663,7e2cf332191ffb732c9de9f233ec62e738543078b42443e298965852c78fed19
finra_short_interest_metadata.json,2488,a38073ab336a67c8219e32a59d874c590b8a6acd4aeec002491ebe949ea91542
finra_short_interest_usde.json,2989,1d62d26ea1e34422766bfcfde1b5f7f7dc47b1b9e6e625daeb8037e54cbd9b90
finra_short_interest_usdew.json,2919,7d5293315d0743293da404b0248cd6df314db93d3bed8f4fa3854e3919e62f9e
usde_daily_spglobal_stockanalysis.csv,3026,e6d2f7540ac87ab50242443323697033c83f0d0ecde2701f473fca64386212ea
usde_hourly_yahoo.csv,38888,52f061a5f9fbe25cfc154a21287f419b449a96421c2e5d692d8a653fc5233227
