t,new_york,open,high,low,close,volume
1787731200,2026-08-26 04:00,5.87,5.99,5.75,5.8202,0
1787734800,2026-08-26 05:00,5.8111,5.86,5.7,5.74,0
1787738400,2026-08-26 06:00,5.74,5.91,5.7,5.91,0
1787742000,2026-08-26 07:00,5.91,6.01,5.84,6.01,0
1787745600,2026-08-26 08:00,6.01,6.28,5.99,6.12,0
1787749200,2026-08-26 09:00,6.12,6.14,5.8,5.93,0
1787751000,2026-08-26 09:30,5.809999942779541,5.967599868774414,5.619999885559082,5.679999828338623,715749
1787754600,2026-08-26 10:30,5.679999828338623,5.900000095367432,5.659999847412109,5.880199909210205,132105
1787758200,2026-08-26 11:30,5.879899978637695,6.099899768829346,5.821499824523926,5.869999885559082,198955
1787761800,2026-08-26 12:30,5.829999923706055,5.860000133514404,5.510000228881836,5.700300216674805,158963
1787765400,2026-08-26 13:30,5.7399001121521,6.067200183868408,5.735000133514404,6.005000114440918,84714
1787769000,2026-08-26 14:30,6.03000020980835,6.150000095367432,5.910099983215332,5.960000038146973,91874
1787772600,2026-08-26 15:30,5.960000038146973,6.019999980926514,5.750100135803223,5.96999979019165,117497
1787774400,2026-08-26 16:00,5.98,5.98,5.7471,5.8594,0
1787778000,2026-08-26 17:00,5.83,5.9,5.8,5.8292,0
1787781600,2026-08-26 18:00,5.81,6.07,5.8,6.0397,0
1787785200,2026-08-26 19:00,6.0387,6.15,5.9224,6,0
1787817600,2026-08-27 04:00,6.45,7.2135,5.91,6.546,0
1787821200,2026-08-27 05:00,6.57,6.69,6.44,6.6599,0
1787824800,2026-08-27 06:00,6.6406,6.7897,6.42,6.6098,0
1787828400,2026-08-27 07:00,6.6177,6.63,6.4407,6.5418,0
1787832000,2026-08-27 08:00,6.57,6.57,6.25,6.2612,0
1787835600,2026-08-27 09:00,6.25,6.45,6.19,6.4499,0
1787837400,2026-08-27 09:30,6.5,7.389999866485596,6.050099849700928,7.235000133514404,3703018
1787841000,2026-08-27 10:30,7.230000019073486,8.449899673461914,7.050000190734863,8,7039148
1787844600,2026-08-27 11:30,7.998499870300293,8.5,7.400000095367432,8.1697998046875,5332017
1787848200,2026-08-27 12:30,8.13010025024414,8.399999618530273,7.949999809265137,8.289999961853027,1699449
1787851800,2026-08-27 13:30,8.289999961853027,8.449999809265137,7.6020002365112305,7.652200222015381,1490198
1787855400,2026-08-27 14:30,7.679999828338623,8.189900398254395,7.61899995803833,8.03499984741211,1050617
1787859000,2026-08-27 15:30,8.003199577331543,8.196000099182129,7.769999980926514,8.041000366210938,821482
1787860800,2026-08-27 16:00,8.03,8.1,7.75,7.76,0
1787864400,2026-08-27 17:00,7.78,8.06,7.7564,7.79,0
1787868000,2026-08-27 18:00,7.8003,7.86,7.75,7.77,0
1787871600,2026-08-27 19:00,7.7602,8.0299,7.76,7.86,0
1787904000,2026-08-28 04:00,7.68,8.09,7.42,7.79,0
1787907600,2026-08-28 05:00,7.799,7.8485,7.75,7.8384,0
1787911200,2026-08-28 06:00,7.7715,7.8284,7.75,7.8184,0
1787914800,2026-08-28 07:00,7.8185,8,7.75,7.84,0
1787918400,2026-08-28 08:00,7.8416,7.9165,7.51,7.65,0
1787922000,2026-08-28 09:00,7.63,7.68,7.16,7.28,0
1787923800,2026-08-28 09:30,7.239999771118164,8.279999732971191,7.239999771118164,8.130000114440918,2381560
1787927400,2026-08-28 10:30,8.112199783325195,8.45989990234375,7.25,7.250100135803223,1272722
1787931000,2026-08-28 11:30,7.25,7.414999961853027,6.900000095367432,7.010000228881836,801642
1787934600,2026-08-28 12:30,7.009900093078613,7.380000114440918,7.006499767303467,7.175000190734863,407381
1787938200,2026-08-28 13:30,7.170000076293945,7.179999828338623,7.010000228881836,7.020100116729736,130691
1787941800,2026-08-28 14:30,7,7.085000038146973,6.900000095367432,7.014999866485596,173387
1787945400,2026-08-28 15:30,6.994999885559082,7.043099880218506,6.699999809265137,6.760000228881836,256471
1787947200,2026-08-28 16:00,6.76,6.8893,6.76,6.78,0
1787950800,2026-08-28 17:00,6.83,6.93,6.8,6.8798,0
1787954400,2026-08-28 18:00,6.8793,6.95,6.83,6.84,0
1787958000,2026-08-28 19:00,6.9,6.91,6.62,6.7017,0
1788163200,2026-08-31 04:00,6.51,7.0738,6.48,7.07,0
1788166800,2026-08-31 05:00,7.07,7.16,6.86,6.86,0
1788170400,2026-08-31 06:00,6.87,6.95,6.87,6.9478,0
1788174000,2026-08-31 07:00,6.93,6.95,6.8503,6.95,0
1788177600,2026-08-31 08:00,7.0697,7.09,6.85,6.9,0
1788181200,2026-08-31 09:00,6.91,6.91,6.64,6.79,0
1788183000,2026-08-31 09:30,6.820000171661377,7.169899940490723,6.510000228881836,6.760000228881836,855345
1788186600,2026-08-31 10:30,6.720099925994873,7.090000152587891,6.720099925994873,6.984000205993652,335272
1788190200,2026-08-31 11:30,6.98859977722168,7.329999923706055,6.949999809265137,7.15500020980835,340747
1788193800,2026-08-31 12:30,7.159999847412109,7.590000152587891,7.050099849700928,7.400000095367432,504893
1788197400,2026-08-31 13:30,7.409999847412109,8.949999809265137,7.314899921417236,8.861499786376953,3870135
1788201000,2026-08-31 14:30,8.860799789428711,9.119999885559082,8.380000114440918,9.098799705505371,2344011
1788204600,2026-08-31 15:30,9.09000015258789,9.25,8.84000015258789,8.850000381469727,1201806
1788206400,2026-08-31 16:00,8.8513,8.87,8.61,8.64,0
1788210000,2026-08-31 17:00,8.6595,8.96,7.5,8.07,0
1788213600,2026-08-31 18:00,8.0165,8.14,7.99,8.04,0
1788217200,2026-08-31 19:00,8.08,8.15,7.9,7.91,0
1788249600,2026-09-01 04:00,8.0116,8.15,7.8,7.8504,0
1788253200,2026-09-01 05:00,7.861,8.01,7.7203,7.92,0
1788256800,2026-09-01 06:00,7.9192,8,7.75,7.83,0
1788260400,2026-09-01 07:00,7.87,8.07,7.85,8.0277,0
1788264000,2026-09-01 08:00,8.05,8.5,7.94,8.3,0
1788267600,2026-09-01 09:00,8.26,8.33,7.86,8.0508,0
1788269400,2026-09-01 09:30,8.149999618530273,8.489899635314941,7.611000061035156,8.419300079345703,1982678
1788273000,2026-09-01 10:30,8.4399995803833,9.09000015258789,8.34000015258789,8.729999542236328,1130469
1788276600,2026-09-01 11:30,8.72070026397705,8.895299911499023,8.5,8.600000381469727,485782
1788280200,2026-09-01 12:30,8.5600004196167,8.770000457763672,8.164999961853027,8.600000381469727,402908
1788283800,2026-09-01 13:30,8.609999656677246,8.949899673461914,8.4399995803833,8.470000267028809,332328
1788287400,2026-09-01 14:30,8.5,8.664999961853027,8.25,8.505900382995605,201973
1788291000,2026-09-01 15:30,8.5,8.574999809265137,8.25,8.380000114440918,157326
1788292800,2026-09-01 16:00,8.36,8.49,8.16,8.33,0
1788296400,2026-09-01 17:00,8.31,8.44,8.2,8.21,0
1788300000,2026-09-01 18:00,8.25,8.29,7.84,8.15,0
1788303600,2026-09-01 19:00,8.05,8.2,7.96,8.09,0
1788336000,2026-09-02 04:00,8.28,8.75,8.21,8.4061,0
1788339600,2026-09-02 05:00,8.37,8.44,8.1803,8.21,0
1788343200,2026-09-02 06:00,8.26,8.26,8.1,8.2091,0
1788346800,2026-09-02 07:00,8.19,8.4,8.0014,8.21,0
1788350400,2026-09-02 08:00,8.2053,8.45,8.1802,8.3199,0
1788354000,2026-09-02 09:00,8.3,8.39,8.05,8.061,0
1788355800,2026-09-02 09:30,8.069999694824219,8.069999694824219,7.110000133514404,7.465000152587891,1660608
1788359400,2026-09-02 10:30,7.46999979019165,7.4899001121521,6.909999847412109,7.170000076293945,595319
1788363000,2026-09-02 11:30,7.170000076293945,7.309999942779541,7.079999923706055,7.164999961853027,258653
1788366600,2026-09-02 12:30,7.164999961853027,7.237500190734863,7.099999904632568,7.150000095367432,111420
1788370200,2026-09-02 13:30,7.110000133514404,7.335000038146973,7.039999961853027,7.28000020980835,181140
1788373800,2026-09-02 14:30,7.269999980926514,7.369999885559082,7.199999809265137,7.369999885559082,130639
1788377400,2026-09-02 15:30,7.355000019073486,7.525000095367432,7.301000118255615,7.5,133604
1788379200,2026-09-02 16:00,7.5,7.5,7.3,7.3801,0
1788382800,2026-09-02 17:00,7.37,7.37,7.24,7.36,0
1788386400,2026-09-02 18:00,7.33,7.37,7.26,7.31,0
1788390000,2026-09-02 19:00,7.2906,7.37,7.27,7.2824,0
1788422400,2026-09-03 04:00,7.25,7.7353,7.25,7.6215,0
1788426000,2026-09-03 05:00,7.6379,7.7,7.56,7.62,0
1788429600,2026-09-03 06:00,7.62,7.6201,7.4508,7.46,0
1788433200,2026-09-03 07:00,7.45,7.69,7.4494,7.59,0
1788436800,2026-09-03 08:00,7.56,7.74,7.56,7.7291,0
1788440400,2026-09-03 09:00,7.68,8.3898,7.63,8.1,0
1788442200,2026-09-03 09:30,8.020000457763672,8.139900207519531,7.5106000900268555,8.109999656677246,2127744
1788445800,2026-09-03 10:30,8.100099563598633,8.29990005493164,7.8302998542785645,8.220000267028809,1149546
1788449400,2026-09-03 11:30,8.1899995803833,8.529999732971191,7.96999979019165,8.505000114440918,990534
1788453000,2026-09-03 12:30,8.510000228881836,9.005000114440918,8.390000343322754,8.729299545288086,1028613
1788456600,2026-09-03 13:30,8.713500022888184,8.859600067138672,8.609999656677246,8.71500015258789,598181
1788460200,2026-09-03 14:30,8.70009994506836,8.850000381469727,8.5,8.694999694824219,467920
1788463800,2026-09-03 15:30,8.694999694824219,8.829999923706055,8.600000381469727,8.760000228881836,259900
1788465600,2026-09-03 16:00,8.765,8.81,8.67,8.68,0
1788469200,2026-09-03 17:00,8.71,8.79,8.6,8.6999,0
1788472800,2026-09-03 18:00,8.67,8.71,8.6,8.64,0
1788476400,2026-09-03 19:00,8.62,8.72,8.6,8.67,0
1788508800,2026-09-04 04:00,8.6881,8.81,8.36,8.55,0
1788512400,2026-09-04 05:00,8.55,8.78,8.55,8.71,0
1788516000,2026-09-04 06:00,8.7103,8.86,8.7,8.7,0
1788519600,2026-09-04 07:00,8.7997,8.7997,8.63,8.7097,0
1788523200,2026-09-04 08:00,8.7,8.71,8.55,8.58,0
1788526800,2026-09-04 09:00,8.53,8.6063,7.82,7.85,0
1788528600,2026-09-04 09:30,7.860000133514404,8.229999542236328,7.670000076293945,7.675000190734863,1690682
1788532200,2026-09-04 10:30,7.675000190734863,7.71999979019165,7.400100231170654,7.649899959564209,692715
1788535800,2026-09-04 11:30,7.649899959564209,7.900000095367432,7.649899959564209,7.739999771118164,478764
1788539400,2026-09-04 12:30,7.724999904632568,7.960000038146973,7.680500030517578,7.9558000564575195,351984
1788543000,2026-09-04 13:30,7.954999923706055,7.960000038146973,7.729599952697754,7.869999885559082,184141
1788546600,2026-09-04 14:30,7.869999885559082,7.889999866485596,7.700500011444092,7.755000114440918,187095
1788550200,2026-09-04 15:30,7.75,8,7.71999979019165,7.960000038146973,458857
1788552000,2026-09-04 16:00,7.93,7.96,7.85,7.89,0
1788555600,2026-09-04 17:00,7.89,7.93,7.8,7.85,0
1788559200,2026-09-04 18:00,7.8517,7.92,7.8,7.88,0
1788562800,2026-09-04 19:00,7.88,7.94,7.85,7.93,0
1788854400,2026-09-08 04:00,7.7,7.85,7.62,7.6789,0
1788858000,2026-09-08 05:00,7.7,7.77,7.67,7.71,0
1788861600,2026-09-08 06:00,7.76,7.84,7.73,7.82,0
1788865200,2026-09-08 07:00,7.82,7.92,7.8,7.83,0
1788868800,2026-09-08 08:00,7.8215,7.93,7.73,7.7694,0
1788872400,2026-09-08 09:00,7.88,7.88,7.75,7.76,0
1788874200,2026-09-08 09:30,7.75,7.760000228881836,7.119999885559082,7.579999923706055,986477
1788877800,2026-09-08 10:30,7.579999923706055,8.085000038146973,7.5,8.085000038146973,393880
1788881400,2026-09-08 11:30,8.080499649047852,8.149999618530273,7.827000141143799,7.870299816131592,291464
1788885000,2026-09-08 12:30,7.849999904632568,8.050000190734863,7.820099830627441,7.880000114440918,155177
1788888600,2026-09-08 13:30,7.889999866485596,7.900000095367432,7.760000228881836,7.799900054931641,73635
1788892200,2026-09-08 14:30,7.769999980926514,7.791800022125244,7.60230016708374,7.680300235748291,136503
1788895800,2026-09-08 15:30,7.699999809265137,7.71999979019165,7.579999923706055,7.605000019073486,121378
1788897600,2026-09-08 16:00,7.61,7.6392,7.51,7.6,0
1788901200,2026-09-08 17:00,7.55,7.6,7.55,7.5903,0
1788904800,2026-09-08 18:00,7.59,7.66,7.58,7.63,0
1788908400,2026-09-08 19:00,7.63,7.65,7.5,7.52,0
1788940800,2026-09-09 04:00,8.0898,8.2,7.81,8.0006,0
1788944400,2026-09-09 05:00,8.01,8.07,7.9201,7.95,0
1788948000,2026-09-09 06:00,7.95,7.95,7.77,7.86,0
1788951600,2026-09-09 07:00,7.88,7.88,7.75,7.82,0
1788955200,2026-09-09 08:00,7.82,7.85,7.78,7.81,0
1788958800,2026-09-09 09:00,7.8101,8.06,7.81,7.98,0
1788960600,2026-09-09 09:30,8.010000228881836,8.430000305175781,7.650000095367432,7.950099945068359,1330110
1788964200,2026-09-09 10:30,7.9532999992370605,8.239999771118164,7.860000133514404,7.938000202178955,538464
1788967800,2026-09-09 11:30,7.940100193023682,8,7.670000076293945,7.809999942779541,215254
1788971400,2026-09-09 12:30,7.815000057220459,7.881800174713135,7.660099983215332,7.670000076293945,103869
1788975000,2026-09-09 13:30,7.668799877166748,7.670000076293945,7.380099773406982,7.454999923706055,270862
1788978600,2026-09-09 14:30,7.465000152587891,7.46999979019165,7.130000114440918,7.224999904632568,470571
1788982200,2026-09-09 15:30,7.224999904632568,7.320000171661377,6.980000019073486,7.300000190734863,381252
1788984000,2026-09-09 16:00,7.24,7.6,7.24,7.3495,0
1788987600,2026-09-09 17:00,7.33,7.38,7.2002,7.25,0
1788991200,2026-09-09 18:00,7.2202,7.3,7.14,7.16,0
1788994800,2026-09-09 19:00,7.1597,7.16,6.99,7.09,0
1789027200,2026-09-10 04:00,7.31,7.44,7.23,7.3,0
1789030800,2026-09-10 05:00,7.28,7.37,7.24,7.26,0
1789034400,2026-09-10 06:00,7.27,7.2967,7.25,7.28,0
1789038000,2026-09-10 07:00,7.25,7.31,7.25,7.261,0
1789041600,2026-09-10 08:00,7.26,7.28,7.01,7.14,0
1789045200,2026-09-10 09:00,7.14,7.24,6.72,6.769,0
1789047000,2026-09-10 09:30,6.730000019073486,7.329999923706055,6.630000114440918,7.070000171661377,1191839
1789050600,2026-09-10 10:30,7.074999809265137,7.179999828338623,6.952899932861328,6.960000038146973,243235
1789054200,2026-09-10 11:30,6.960400104522705,6.979899883270264,6.840000152587891,6.927000045776367,146648
1789057800,2026-09-10 12:30,6.940000057220459,6.989999771118164,6.820000171661377,6.820000171661377,63216
1789061400,2026-09-10 13:30,6.820000171661377,6.840000152587891,6.699999809265137,6.769999980926514,188794
1789065000,2026-09-10 14:30,6.769999980926514,6.789400100708008,6.599999904632568,6.75,249320
1789068600,2026-09-10 15:30,6.759900093078613,6.809999942779541,6.610000133514404,6.635000228881836,246024
1789070400,2026-09-10 16:00,6.66,6.83,6.63,6.8295,0
1789074000,2026-09-10 17:00,6.83,6.83,6.73,6.78,0
1789077600,2026-09-10 18:00,6.77,6.78,6.72,6.75,0
1789081200,2026-09-10 19:00,6.7301,6.82,6.7,6.74,0
1789113600,2026-09-11 04:00,6.81,6.99,6.7,6.79,0
1789117200,2026-09-11 05:00,6.79,7.12,6.78,7,0
1789120800,2026-09-11 06:00,6.9955,7.06,6.91,6.97,0
1789124400,2026-09-11 07:00,6.97,6.9791,6.85,6.869,0
1789128000,2026-09-11 08:00,6.85,6.97,6.85,6.96,0
1789131600,2026-09-11 09:00,6.96,7.29,6.81,7.101,0
1789133400,2026-09-11 09:30,7.085000038146973,7.909599781036377,6.860000133514404,7.800000190734863,1686654
1789137000,2026-09-11 10:30,7.820000171661377,7.980000019073486,7.550000190734863,7.659999847412109,895572
1789140600,2026-09-11 11:30,7.659900188446045,7.699999809265137,7.271999835968018,7.375,373507
1789144200,2026-09-11 12:30,7.389999866485596,7.389999866485596,7.225500106811523,7.25,153273
1789147800,2026-09-11 13:30,7.238500118255615,7.275000095367432,7.079999923706055,7.190000057220459,168369
1789151400,2026-09-11 14:30,7.190000057220459,7.309999942779541,7.150000095367432,7.25,112409
1789155000,2026-09-11 15:30,7.226099967956543,7.300000190734863,7.159999847412109,7.260000228881836,222377
1789156800,2026-09-11 16:00,7.26,7.31,7.12,7.15,0
1789160400,2026-09-11 17:00,7.2494,7.2494,7.08,7.08,0
1789164000,2026-09-11 18:00,7.11,7.15,7,7.08,0
1789167600,2026-09-11 19:00,7.05,7.15,7.02,7.0201,0
1789372800,2026-09-14 04:00,7.13,7.4,7.06,7.16,0
1789376400,2026-09-14 05:00,7.16,7.199,7.08,7.08,0
1789380000,2026-09-14 06:00,7.08,7.35,7.08,7.2943,0
1789383600,2026-09-14 07:00,7.2567,7.29,7.17,7.2217,0
1789387200,2026-09-14 08:00,7.22,7.3,7.2,7.24,0
1789390800,2026-09-14 09:00,7.2,7.25,6.95,6.99,0
1789392600,2026-09-14 09:30,7.050000190734863,7.269999980926514,6.769999980926514,7.050000190734863,952391
1789396200,2026-09-14 10:30,7.050000190734863,7.215000152587891,6.952099800109863,7.139999866485596,163339
1789399800,2026-09-14 11:30,7.15500020980835,7.5,7.150000095367432,7.434999942779541,276650
1789403400,2026-09-14 12:30,7.434999942779541,7.460000038146973,7.369999885559082,7.390500068664551,105457
1789407000,2026-09-14 13:30,7.409999847412109,7.429900169372559,7.300000190734863,7.329999923706055,153839
1789410600,2026-09-14 14:30,7.335000038146973,7.429999828338623,7.210000038146973,7.300000190734863,145884
1789414200,2026-09-14 15:30,7.315000057220459,7.525000095367432,7.230000019073486,7.434999942779541,168298
1789416000,2026-09-14 16:00,7.44,7.5,7.26,7.4513,0
1789419600,2026-09-14 17:00,7.4501,7.4501,7.32,7.37,0
1789423200,2026-09-14 18:00,7.37,7.45,7.26,7.42,0
1789426800,2026-09-14 19:00,7.42,7.42,7.28,7.35,0
1789459200,2026-09-15 04:00,7.2,7.37,7.0585,7.22,0
1789462800,2026-09-15 05:00,7.2,7.2,7.03,7.14,0
1789466400,2026-09-15 06:00,7.13,7.21,7.1,7.16,0
1789470000,2026-09-15 07:00,7.2,7.25,7.14,7.15,0
1789473600,2026-09-15 08:00,7.15,7.25,7.15,7.19,0
1789477200,2026-09-15 09:00,7.23,7.3,6.95,7.1,0
1789479000,2026-09-15 09:30,6.960000038146973,7.099999904632568,6.550000190734863,6.644999980926514,973684
1789482600,2026-09-15 10:30,6.650000095367432,6.650000095367432,6.260000228881836,6.420000076293945,442858
1789486200,2026-09-15 11:30,6.419000148773193,6.479899883270264,6.28000020980835,6.320000171661377,181590
1789489800,2026-09-15 12:30,6.326900005340576,6.440000057220459,6.309999942779541,6.434999942779541,139123
1789493400,2026-09-15 13:30,6.434999942779541,6.53000020980835,6.380000114440918,6.460000038146973,170520
1789497000,2026-09-15 14:30,6.460000038146973,6.579999923706055,5.900000095367432,6.284999847412109,799726
1789500600,2026-09-15 15:30,6.269999980926514,6.269999980926514,6.000500202178955,6.110000133514404,274737
1789502400,2026-09-15 16:00,6.12,6.25,6.0619,6.09,0
1789506000,2026-09-15 17:00,6.14,6.14,5.61,5.89,0
1789509600,2026-09-15 18:00,5.86,5.94,5.7,5.72,0
1789513200,2026-09-15 19:00,5.73,5.94,5.71,5.7793,0
1789545600,2026-09-16 04:00,6,6.1,5.8492,5.88,0
1789549200,2026-09-16 05:00,5.8807,5.97,5.8807,5.96,0
1789552800,2026-09-16 06:00,5.94,6.1,5.93,5.97,0
1789556400,2026-09-16 07:00,5.97,6.1,5.97,5.98,0
1789560000,2026-09-16 08:00,5.98,6.28,5.94,6.1256,0
1789563600,2026-09-16 09:00,6.1256,6.191,6.05,6.1,0
1789565400,2026-09-16 09:30,6.059999942779541,6.239999771118164,5.869999885559082,6,420492
1789569000,2026-09-16 10:30,6.010000228881836,6.110000133514404,5.929999828338623,6.059999942779541,111565
1789572600,2026-09-16 11:30,6.03000020980835,6.078199863433838,5.929999828338623,6.029900074005127,69573
1789576200,2026-09-16 12:30,6.03000020980835,6.051400184631348,5.918000221252441,5.929999828338623,63769
1789579800,2026-09-16 13:30,5.949999809265137,6.219900131225586,5.920000076293945,6.070000171661377,160834
1789583400,2026-09-16 14:30,6.070000171661377,6.159999847412109,5.909999847412109,5.949999809265137,280082
1789587000,2026-09-16 15:30,5.9679999351501465,6.289999961853027,5.945499897003174,6.230000019073486,195127
1789588800,2026-09-16 16:00,6.29,6.29,6.07,6.2149,0
1789592400,2026-09-16 17:00,6.2114,6.24,6.18,6.19,0
1789596000,2026-09-16 18:00,6.1818,6.24,6.16,6.2387,0
1789599600,2026-09-16 19:00,6.18,6.24,6.16,6.18,0
1789632000,2026-09-17 04:00,6.5197,6.6,6.4,6.4,0
1789635600,2026-09-17 05:00,6.48,6.49,6.43,6.48,0
1789639200,2026-09-17 06:00,6.48,6.48,6.38,6.41,0
1789642800,2026-09-17 07:00,6.41,6.43,6.35,6.35,0
1789646400,2026-09-17 08:00,6.35,6.66,5.8,6.52,0
1789650000,2026-09-17 09:00,6.52,6.8,6.46,6.61,0
1789651800,2026-09-17 09:30,6.610000133514404,9.479999542236328,6.363699913024902,9.109999656677246,8754628
1789655400,2026-09-17 10:30,9.100000381469727,9.390000343322754,8.420000076293945,8.516200065612793,2857294
1789659000,2026-09-17 11:30,8.539999961853027,8.600000381469727,8.060099601745605,8.390000343322754,1105413
1789662600,2026-09-17 12:30,8.390000343322754,8.470000267028809,8.229999542236328,8.329000473022461,317288
1789666200,2026-09-17 13:30,8.354999542236328,8.380000114440918,8.180999755859375,8.210100173950195,186940
1789669800,2026-09-17 14:30,8.210000038146973,8.319999694824219,8.0600004196167,8.0600004196167,324573
1789673400,2026-09-17 15:30,8.0600004196167,8.09000015258789,7.659999847412109,7.695000171661377,568716
1789675200,2026-09-17 16:00,7.71,8.17,7.65,8.0289,0
1789678800,2026-09-17 17:00,8.02,8.33,7.98,8.19,0
1789682400,2026-09-17 18:00,8.17,8.31,8.04,8.06,0
1789686000,2026-09-17 19:00,8.13,8.4,8.05,8.4,0
1789718400,2026-09-18 04:00,9.06,9.42,8.46,9.09,0
1789722000,2026-09-18 05:00,9.1,9.45,8.97,9.09,0
1789725600,2026-09-18 06:00,9.1081,9.1424,8.79,8.9463,0
1789729200,2026-09-18 07:00,8.922,9.1,8.88,8.96,0
1789732800,2026-09-18 08:00,8.94,9.24,8.89,9.06,0
1789736400,2026-09-18 09:00,9.08,10.09,9.02,9.5,0
1789738200,2026-09-18 09:30,9.520000457763672,9.520000457763672,8.510100364685059,8.610199928283691,5939492
1789741800,2026-09-18 10:30,8.607199668884277,8.920000076293945,8.539999961853027,8.654999732971191,652225
1789745400,2026-09-18 11:30,8.619999885559082,8.920000076293945,8.59000015258789,8.765000343322754,339601
1789749000,2026-09-18 12:30,8.765000343322754,8.959500312805176,8.529999732971191,8.850000381469727,469533
1789752600,2026-09-18 13:30,8.829999923706055,10.350000381469727,8.829999923706055,10.342399597167969,3380858
1789756200,2026-09-18 14:30,10.335000038146973,10.555000305175781,10.039999961853027,10.364999771118164,1657573
1789759800,2026-09-18 15:30,10.346099853515625,10.5,10.0600004196167,10.229999542236328,900270
1789761600,2026-09-18 16:00,10.19,10.38,10.0293,10.14,0
1789765200,2026-09-18 17:00,10.13,10.53,10.13,10.27,0
1789768800,2026-09-18 18:00,10.2246,10.26,10.07,10.1,0
1789772400,2026-09-18 19:00,10.0908,10.35,10.07,10.2376,0
1789977600,2026-09-21 04:00,11.87,12.24,11.2587,11.6023,0
1789981200,2026-09-21 05:00,11.5997,12.2,11.38,11.95,0
1789984800,2026-09-21 06:00,11.96,12.01,11.51,11.6406,0
1789988400,2026-09-21 07:00,11.8,13.59,11.63,13.2846,0
1789992000,2026-09-21 08:00,13.2942,13.65,12.32,12.8239,0
1789995600,2026-09-21 09:00,12.88,13.1,12.44,12.97,0
1789997400,2026-09-21 09:30,13.09000015258789,13.789999961853027,12.199999809265137,12.5,6230522
1790001000,2026-09-21 10:30,12.468799591064453,13.229999542236328,12.351400375366211,12.890000343322754,1245044
1790004600,2026-09-21 11:30,12.869999885559082,13.524999618530273,12.826000213623047,13.520000457763672,844007
1790008200,2026-09-21 12:30,13.510000228881836,13.52970027923584,12.899999618530273,12.90999984741211,759201
1790011800,2026-09-21 13:30,12.92490005493164,13.09000015258789,12.739999771118164,12.859999656677246,321557
1790015400,2026-09-21 14:30,12.869999885559082,13.128999710083008,12.65999984741211,12.930000305175781,425447
1790019000,2026-09-21 15:30,12.920000076293945,12.920000076293945,12.370499610900879,12.649999618530273,549023
1790020800,2026-09-21 16:00,12.69,12.74,12.4,12.4,0
1790024400,2026-09-21 17:00,12.5199,12.5199,12.15,12.19,0
1790028000,2026-09-21 18:00,12.19,12.41,12.14,12.4,0
1790031600,2026-09-21 19:00,12.41,12.45,12.22,12.3549,0
1790064000,2026-09-22 04:00,12.77,12.95,11.6247,12.45,0
1790067600,2026-09-22 05:00,12.45,13.1479,12.35,13.06,0
1790071200,2026-09-22 06:00,13.15,13.79,13.07,13.34,0
1790074800,2026-09-22 07:00,13.34,13.37,13,13.06,0
1790078400,2026-09-22 08:00,13.0141,13.25,12.94,13.12,0
1790082000,2026-09-22 09:00,13.1156,13.42,12.9,13.0009,0
1790083800,2026-09-22 09:30,12.989999771118164,14.1899995803833,12.880000114440918,13.130000114440918,2938457
1790087400,2026-09-22 10:30,13.140000343322754,13.75,12.880000114440918,13.569999694824219,763863
1790091000,2026-09-22 11:30,13.609999656677246,13.829899787902832,13.270000457763672,13.28499984741211,448123
1790094600,2026-09-22 12:30,13.324999809265137,13.690999984741211,13.289999961853027,13.640000343322754,245287
1790098200,2026-09-22 13:30,13.604999542236328,13.689900398254395,13.369999885559082,13.5,138800
1790101800,2026-09-22 14:30,13.5,13.850000381469727,13.488200187683105,13.70989990234375,199548
1790105400,2026-09-22 15:30,13.710000038146973,13.75,13.390000343322754,13.529999732971191,359626
1790107200,2026-09-22 16:00,13.51,13.6,13.38,13.5,0
1790110800,2026-09-22 17:00,13.56,13.65,13.44,13.5,0
1790114400,2026-09-22 18:00,13.45,14,13.42,13.9207,0
1790118000,2026-09-22 19:00,13.92,14.38,13.91,14.28,0
1790150400,2026-09-23 04:00,14.45,14.63,14.0596,14.12,0
1790154000,2026-09-23 05:00,14.12,14.39,13.91,14.14,0
1790157600,2026-09-23 06:00,14.13,14.18,13.7886,13.9,0
1790161200,2026-09-23 07:00,13.8438,14.05,13.646,13.66,0
1790164800,2026-09-23 08:00,13.66,13.88,13.13,13.44,0
1790168400,2026-09-23 09:00,13.3944,13.55,13.16,13.2,0
1790170200,2026-09-23 09:30,13.199999809265137,13.744500160217285,13.130000114440918,13.370699882507324,1225330
1790173800,2026-09-23 10:30,13.270000457763672,13.565099716186523,13.1899995803833,13.319999694824219,252543
1790177400,2026-09-23 11:30,13.369999885559082,13.369999885559082,12.562000274658203,12.640000343322754,578893
1790181000,2026-09-23 12:30,12.661700248718262,12.795000076293945,12.571999549865723,12.680000305175781,115426
1790184600,2026-09-23 13:30,12.679900169372559,13.049500465393066,12.63070011138916,12.904999732971191,153922
1790188200,2026-09-23 14:30,12.904999732971191,12.989999771118164,12.701499938964844,12.9399995803833,201526
1790191800,2026-09-23 15:30,12.970000267028809,13.029999732971191,12.720000267028809,12.890000343322754,140609
1790193600,2026-09-23 16:00,12.87,12.99,12.7501,12.93,0
1790197200,2026-09-23 17:00,12.9291,12.98,12.8032,12.91,0
1790200800,2026-09-23 18:00,12.91,13.2,12.91,12.95,0
1790204400,2026-09-23 19:00,13.13,13.13,12.91,12.91,0
1790236800,2026-09-24 04:00,12.96,13.7,12.9,12.98,0
1790240400,2026-09-24 05:00,12.9,13.07,12.6648,12.69,0
1790244000,2026-09-24 06:00,12.69,12.81,12.35,12.37,0
1790247600,2026-09-24 07:00,12.36,12.78,12.1,12.5743,0
1790251200,2026-09-24 08:00,12.57,12.71,12.45,12.56,0
1790254800,2026-09-24 09:00,12.56,12.99,12.5,12.6801,0
1790256600,2026-09-24 09:30,12.760000228881836,15.489899635314941,12.670000076293945,14.53279972076416,2962271
1790260200,2026-09-24 10:30,14.574999809265137,15.03950023651123,13.810099601745605,14.220000267028809,951001
1790263800,2026-09-24 11:30,14.210000038146973,14.779800415039062,14.020000457763672,14.70829963684082,432682
1790267400,2026-09-24 12:30,14.6899995803833,14.710000038146973,14.25,14.359999656677246,242682
1790271000,2026-09-24 13:30,14.395000457763672,14.395000457763672,14.102899551391602,14.1899995803833,146674
1790274600,2026-09-24 14:30,14.229999542236328,14.6899995803833,14.039999961853027,14.229999542236328,401016
1790278200,2026-09-24 15:30,14.210000038146973,14.34000015258789,14.140000343322754,14.199999809265137,218817
1790280000,2026-09-24 16:00,14.22,14.37,14.13,14.36,0
1790283600,2026-09-24 17:00,14.36,14.95,14.27,14.83,0
1790287200,2026-09-24 18:00,14.8292,14.83,14.56,14.68,0
1790290800,2026-09-24 19:00,14.68,14.79,14.5,14.65,0
1790323200,2026-09-25 04:00,14.95,15.09,14.57,14.82,0
1790326800,2026-09-25 05:00,14.8,14.9168,14.67,14.8526,0
1790330400,2026-09-25 06:00,14.85,15.09,14.8,14.95,0
1790334000,2026-09-25 07:00,14.9515,15.94,14.95,15.5987,0
1790337600,2026-09-25 08:00,15.5908,15.9,15.18,15.3792,0
1790341200,2026-09-25 09:00,15.43,15.67,15.27,15.5131,0
1790343000,2026-09-25 09:30,15.581100463867188,15.581100463867188,14.34000015258789,15.119999885559082,2159204
1790346600,2026-09-25 10:30,15.135000228881836,15.789999961853027,14.869999885559082,15.199999809265137,868360
1790350200,2026-09-25 11:30,15.149999618530273,15.919099807739258,14.8100004196167,15.919099807739258,787627
1790353800,2026-09-25 12:30,15.871000289916992,17,15.800700187683105,16.844999313354492,1767967
1790357400,2026-09-25 13:30,16.8302001953125,17.299999237060547,16.809999465942383,17.24370002746582,675636
1790361000,2026-09-25 14:30,17.249799728393555,17.450000762939453,17.010000228881836,17.094999313354492,843406
1790364600,2026-09-25 15:30,17.06049919128418,17.389999389648438,17.020000457763672,17.25,494134
1790366400,2026-09-25 16:00,17.25,17.25,16.9,17.03,0
1790370000,2026-09-25 17:00,17.0373,17.15,16.9387,16.9387,0
1790373600,2026-09-25 18:00,16.935,17.14,16.54,17.12,0
1790377200,2026-09-25 19:00,17.14,17.74,17.14,17.3037,0
1790582400,2026-09-28 04:00,17.55,18.52,16.471,16.6611,0
1790586000,2026-09-28 05:00,16.6871,16.8844,15.53,16.13,0
1790589600,2026-09-28 06:00,16.13,16.79,16.06,16.13,0
1790593200,2026-09-28 07:00,16.13,16.49,16,16.41,0
1790596800,2026-09-28 08:00,16.42,16.98,16,16.95,0
1790600400,2026-09-28 09:00,16.9509,17.36,16.05,16.61,0
1790602200,2026-09-28 09:30,16.850000381469727,17.065000534057617,16.31999969482422,16.600000381469727,2314682
1790605800,2026-09-28 10:30,16.600000381469727,16.600000381469727,15.890000343322754,16.31999969482422,609554
1790609400,2026-09-28 11:30,16.31999969482422,16.440000534057617,15.829999923706055,16.163400650024414,315639
1790613000,2026-09-28 12:30,16.18000030517578,16.350000381469727,15.9399995803833,15.960000038146973,150617
1790616600,2026-09-28 13:30,15.960000038146973,16.200000762939453,15.819999694824219,16.0049991607666,173276
1790620200,2026-09-28 14:30,16.010000228881836,16.049999237060547,15.779999732971191,15.845000267028809,158567
1790623800,2026-09-28 15:30,15.854999542236328,15.95989990234375,15.510000228881836,15.555000305175781,199490
1790625600,2026-09-28 16:00,15.56,15.95,15.56,15.78,0
1790629200,2026-09-28 17:00,15.78,15.89,15.51,15.5159,0
1790632800,2026-09-28 18:00,15.51,15.66,15.5,15.55,0
1790636400,2026-09-28 19:00,15.66,15.9,15.5593,15.73,0
1790668800,2026-09-29 04:00,15.32,16.19,14.74,16.19,0
1790672400,2026-09-29 05:00,16.19,16.235,15.55,15.55,0
1790676000,2026-09-29 06:00,15.53,15.82,15.53,15.6295,0
1790679600,2026-09-29 07:00,15.6202,15.81,15.59,15.72,0
1790683200,2026-09-29 08:00,15.79,16.15,15.65,15.65,0
1790686800,2026-09-29 09:00,15.7,16.21,15.66,16.14,0
1790688600,2026-09-29 09:30,16.149999618530273,16.399799346923828,15.529999732971191,16.219900131225586,1251663
1790692200,2026-09-29 10:30,16.19499969482422,16.2273006439209,14.045000076293945,14.260000228881836,1328839
1790695800,2026-09-29 11:30,14.260000228881836,14.669300079345703,14.170000076293945,14.579500198364258,451761
1790699400,2026-09-29 12:30,14.574999809265137,14.6899995803833,14.270000457763672,14.420000076293945,249718
1790703000,2026-09-29 13:30,14.420000076293945,14.668299674987793,14.220499992370605,14.5,186172
1790706600,2026-09-29 14:30,14.460800170898438,15.069999694824219,14.380000114440918,15.020000457763672,292779
1790710200,2026-09-29 15:30,15.055000305175781,15.390000343322754,15.029999732971191,15.34000015258789,261993
1790712000,2026-09-29 16:00,15.32,15.32,15,15.08,0
1790715600,2026-09-29 17:00,15.1,15.12,14.78,14.8617,0
1790719200,2026-09-29 18:00,14.9992,15.24,14.78,14.9897,0
1790722800,2026-09-29 19:00,14.98,15.15,14.78,15.1,0
1790755200,2026-09-30 04:00,14.78,15.3,14.24,15.2,0
1790758800,2026-09-30 05:00,15.17,15.29,14.79,15.1,0
1790762400,2026-09-30 06:00,15.1,15.96,15.05,15.5,0
1790766000,2026-09-30 07:00,15.5,15.51,15.1105,15.2,0
1790769600,2026-09-30 08:00,15.29,15.55,15.2,15.3662,0
1790773200,2026-09-30 09:00,15.3652,16.42,15.3652,16.08,0
1790775000,2026-09-30 09:30,16.09000015258789,18.110000610351562,16.040000915527344,16.3700008392334,3716922
1790778600,2026-09-30 10:30,16.376399993896484,16.905000686645508,16.25,16.34000015258789,524735
1790782200,2026-09-30 11:30,16.340099334716797,16.889999389648438,16.309999465942383,16.575000762939453,340571
1790785800,2026-09-30 12:30,16.5718994140625,16.8700008392334,16.246700286865234,16.309999465942383,172888
1790789400,2026-09-30 13:30,16.270000457763672,16.59000015258789,16.060100555419922,16.19499969482422,144195
1790793000,2026-09-30 14:30,16.19499969482422,16.399999618530273,16.110000610351562,16.1299991607666,81638
1790796600,2026-09-30 15:30,16.1299991607666,16.249099731445312,16,16.06999969482422,169718
1790798400,2026-09-30 16:00,16.06,16.27,15.87,16.0849,0
1790802000,2026-09-30 17:00,16.1151,16.21,16,16.11,0
1790805600,2026-09-30 18:00,16.11,16.3,16.09,16.2297,0
1790809200,2026-09-30 19:00,16.2298,16.25,16.02,16.13,0
1790841600,2026-10-01 04:00,16.25,16.8895,16,16.08,0
1790845200,2026-10-01 05:00,16.0787,16.4,15.87,16.11,0
1790848800,2026-10-01 06:00,16.11,16.31,16.04,16.14,0
1790852400,2026-10-01 07:00,16.14,16.316,16.07,16.29,0
1790856000,2026-10-01 08:00,16.21,16.31,16.16,16.26,0
1790859600,2026-10-01 09:00,16.26,16.31,16,16.0001,0
1790861400,2026-10-01 09:30,16,16.600000381469727,15.979999542236328,16.389999389648438,911623
1790865000,2026-10-01 10:30,16.35919952392578,16.389400482177734,15.720000267028809,16.104999542236328,411006
1790868600,2026-10-01 11:30,16.09000015258789,16.139999389648438,15.739999771118164,15.859700202941895,117643
1790872200,2026-10-01 12:30,15.800000190734863,15.960000038146973,15.520000457763672,15.960000038146973,161370
1790875800,2026-10-01 13:30,16,16.18000030517578,15.691900253295898,15.970000267028809,82702
1790879400,2026-10-01 14:30,15.920000076293945,15.920000076293945,15.640000343322754,15.670000076293945,65549
1790883000,2026-10-01 15:30,15.729900360107422,15.729999542236328,15.5,15.520000457763672,245762
1790884800,2026-10-01 16:00,15.51,15.56,15.05,15.39,0
1790888400,2026-10-01 17:00,15.39,15.5,15.3,15.33,0
1790892000,2026-10-01 18:00,15.33,15.37,15,15.24,0
1790895600,2026-10-01 19:00,15.15,15.5,15.15,15.44,0
1790928000,2026-10-02 04:00,15.8,15.95,15.15,15.51,0
1790931600,2026-10-02 05:00,15.51,15.7091,15.39,15.39,0
1790935200,2026-10-02 06:00,15.38,15.48,15.18,15.26,0
1790938800,2026-10-02 07:00,15.26,15.69,15.26,15.54,0
1790942400,2026-10-02 08:00,15.5335,15.54,14.9,15.02,0
1790946000,2026-10-02 09:00,15.11,15.34,14.81,15.1,0
1790947800,2026-10-02 09:30,15.239999771118164,15.319999694824219,14.370499610900879,14.527000427246094,1195326
1790951400,2026-10-02 10:30,14.569999694824219,14.699999809265137,14.300000190734863,14.380000114440918,362836
1790955000,2026-10-02 11:30,14.404500007629395,14.6850004196167,14.199999809265137,14.630000114440918,234626
1790958600,2026-10-02 12:30,14.640000343322754,14.720000267028809,14.359999656677246,14.40999984741211,116301
1790962200,2026-10-02 13:30,14.370400428771973,14.541399955749512,14.109999656677246,14.25,210928
1790965800,2026-10-02 14:30,14.229999542236328,14.239999771118164,14.079999923706055,14.154999732971191,250474
1790969400,2026-10-02 15:30,14.149999618530273,14.289999961853027,14.119999885559082,14.140000343322754,178241
1790971200,2026-10-02 16:00,14.15,14.3,14.1,14.2064,0
1790974800,2026-10-02 17:00,14.2481,14.25,14,14.0451,0
1790978400,2026-10-02 18:00,14.0441,14.09,13.8,13.9,0
1790982000,2026-10-02 19:00,13.88,14,13.85,13.8506,0
1791187200,2026-10-05 04:00,15.1,15.28,14.16,14.8871,0
1791190800,2026-10-05 05:00,14.8868,14.91,14.28,14.43,0
1791194400,2026-10-05 06:00,14.43,14.4357,13.5314,13.89,0
1791198000,2026-10-05 07:00,13.89,14.68,13.7741,14.47,0
1791201600,2026-10-05 08:00,14.47,14.74,14.17,14.221,0
1791205200,2026-10-05 09:00,14.23,14.56,14.2,14.31,0
1791207000,2026-10-05 09:30,14.359999656677246,14.5,13.529999732971191,13.949999809265137,2969401
1791210600,2026-10-05 10:30,13.960000038146973,14.010000228881836,13.600000381469727,13.925000190734863,419113
1791214200,2026-10-05 11:30,13.930000305175781,14.199999809265137,13.8100004196167,14,217814
1791217800,2026-10-05 12:30,13.979999542236328,14.210000038146973,13.89009952545166,14.108799934387207,245392
1791221400,2026-10-05 13:30,14.079999923706055,14.5,13.975000381469727,14.204999923706055,303584
1791225000,2026-10-05 14:30,14.242300033569336,14.729999542236328,14.210000038146973,14.680000305175781,219986
1791228600,2026-10-05 15:30,14.670000076293945,14.960000038146973,14.520000457763672,14.960000038146973,197086
1791230400,2026-10-05 16:00,14.94,15.02,14.4,14.8,0
1791234000,2026-10-05 17:00,14.8,14.8,14.4,14.516,0
1791237600,2026-10-05 18:00,14.5,14.63,14.35,14.48,0
1791241200,2026-10-05 19:00,14.42,14.6,14.3,14.6,0
1791273600,2026-10-06 04:00,14.14,14.39,13.96,14.2138,0
1791277200,2026-10-06 05:00,14.21,14.35,14.11,14.3,0
1791280800,2026-10-06 06:00,14.2305,14.2428,14.14,14.17,0
1791284400,2026-10-06 07:00,14.17,14.24,14.14,14.1614,0
1791288000,2026-10-06 08:00,14.16,14.51,14.05,14.1515,0
1791291600,2026-10-06 09:00,14.1938,14.44,13.93,13.96,0
1791293400,2026-10-06 09:30,13.970000267028809,15.109999656677246,13.899999618530273,14.716500282287598,854398
1791297000,2026-10-06 10:30,14.675000190734863,14.770000457763672,14.470000267028809,14.670000076293945,215484
1791300600,2026-10-06 11:30,14.670000076293945,15.070799827575684,14.612899780273438,14.739999771118164,207103
1791304200,2026-10-06 12:30,14.75,14.779999732971191,14.25,14.300000190734863,217082
1791307800,2026-10-06 13:30,14.28499984741211,14.385299682617188,14.25,14.300000190734863,95291
1791311400,2026-10-06 14:30,14.274999618530273,14.349900245666504,14.222000122070312,14.279999732971191,63040
1791315000,2026-10-06 15:30,14.289999961853027,14.369999885559082,14.199999809265137,14.369999885559082,113882
1791316800,2026-10-06 16:00,14.33,14.6,14.22,14.4,0
1791320400,2026-10-06 17:00,14.38,14.49,14.22,14.28,0
1791324000,2026-10-06 18:00,14.33,14.49,14.28,14.28,0
1791327600,2026-10-06 19:00,14.28,14.28,14.24,14.24,0
1791360000,2026-10-07 04:00,13.64,14.28,13.63,14.05,0
1791363600,2026-10-07 05:00,14,14.02,13.9107,14.01,0
1791367200,2026-10-07 06:00,13.96,14.04,13.8789,14.03,0
1791370800,2026-10-07 07:00,14.03,14.03,13.81,13.91,0
1791374400,2026-10-07 08:00,13.91,13.91,13.7,13.7,0
1791378000,2026-10-07 09:00,13.7087,13.95,13.6,13.6,0
1791379800,2026-10-07 09:30,13.529999732971191,13.729999542236328,13.0600004196167,13.234999656677246,905204
1791383400,2026-10-07 10:30,13.229599952697754,13.470000267028809,13.170000076293945,13.4399995803833,224181
1791387000,2026-10-07 11:30,13.4399995803833,13.470000267028809,12.944999694824219,13.069999694824219,252801
1791390600,2026-10-07 12:30,13.064599990844727,13.199999809265137,13.005000114440918,13.087699890136719,130340
1791394200,2026-10-07 13:30,13.08549976348877,13.84000015258789,12.800000190734863,13.772299766540527,323457
1791397800,2026-10-07 14:30,13.779999732971191,13.90999984741211,13.670999526977539,13.854999542236328,127676
1791401400,2026-10-07 15:30,13.859999656677246,13.919500350952148,13.739999771118164,13.8100004196167,68057
1791403200,2026-10-07 16:00,13.82,13.82,13.82,13.82,0
1791446400,2026-10-08 04:00,13.35,13.35,13,13.2184,0
1791450000,2026-10-08 05:00,13.22,13.42,13.22,13.267,0
1791453600,2026-10-08 06:00,13.29,13.39,13.29,13.31,0
1791457200,2026-10-08 07:00,13.27,13.2703,13.2113,13.26,0
1791460800,2026-10-08 08:00,13.26,13.3789,13.06,13.06,0
1791464400,2026-10-08 09:00,13.0907,13.18,13.07,13.07,0
1791466200,2026-10-08 09:30,12.9399995803833,13.099599838256836,12.399999618530273,12.647100448608398,670077
1791469800,2026-10-08 10:30,12.649999618530273,12.670000076293945,12.430999755859375,12.484999656677246,172603
1791473400,2026-10-08 11:30,12.480199813842773,12.539999961853027,12.300000190734863,12.489999771118164,185214
1791477000,2026-10-08 12:30,12.489999771118164,12.489999771118164,12.070099830627441,12.1899995803833,181638
1791480600,2026-10-08 13:30,12.210000038146973,12.619999885559082,12.201000213623047,12.614999771118164,154123
1791484200,2026-10-08 14:30,12.609999656677246,13.026300430297852,12.5649995803833,12.899999618530273,275686
1791487800,2026-10-08 15:30,12.885000228881836,12.899999618530273,12.703200340270996,12.789999961853027,125860
1791489600,2026-10-08 16:00,12.79,12.79,12.79,12.79,16268
