series,target_unix,target_utc,price_unix,offset_s,price_usd,confidence
close_2000utc,1782417600,2026-06-25T20:00:00Z,1782417589,-11,0.07964913927041241,0.99
close_2000utc,1782504000,2026-06-26T20:00:00Z,1782503987,-13,0.08000837109691812,0.99
close_2000utc,1782763200,2026-06-29T20:00:00Z,1782763187,-13,0.07860142942492897,0.99
close_2000utc,1782849600,2026-06-30T20:00:00Z,1782849603,3,0.07073234375755119,0.99
close_2000utc,1782936000,2026-07-01T20:00:00Z,1782936001,1,0.07160757632774438,0.99
close_2000utc,1783022400,2026-07-02T20:00:00Z,1783022397,-3,0.07678355032461333,0.99
close_2000utc,1783368000,2026-07-06T20:00:00Z,1783367995,-5,0.07897765942594183,0.99
close_2000utc,1783454400,2026-07-07T20:00:00Z,1783454391,-9,0.07722272171429731,0.99
close_2000utc,1783540800,2026-07-08T20:00:00Z,1783540805,5,0.07397204959902068,0.99
close_2000utc,1783627200,2026-07-09T20:00:00Z,1783627195,-5,0.0768447627902027,0.99
close_2000utc,1783713600,2026-07-10T20:00:00Z,1783713601,1,0.08057897134665151,0.99
close_2000utc,1783972800,2026-07-13T20:00:00Z,1783972787,-13,0.07861693252049914,0.99
close_2000utc,1784059200,2026-07-14T20:00:00Z,1784059206,6,0.0842727041124985,0.99
close_2000utc,1784145600,2026-07-15T20:00:00Z,1784145605,5,0.08263386502105177,0.99
close_2000utc,1784232000,2026-07-16T20:00:00Z,1784231996,-4,0.0841368592712936,0.99
close_2000utc,1784318400,2026-07-17T20:00:00Z,1784318391,-9,0.08192261454338573,0.99
close_2000utc,1784577600,2026-07-20T20:00:00Z,1784577583,-17,0.08244318821520051,0.99
close_2000utc,1784664000,2026-07-21T20:00:00Z,1784664006,6,0.08613709650010426,0.99
close_2000utc,1784750400,2026-07-22T20:00:00Z,1784750403,3,0.09236115452964477,0.99
close_2000utc,1784836800,2026-07-23T20:00:00Z,1784836792,-8,0.08830374109420386,0.99
close_2000utc,1784923200,2026-07-24T20:00:00Z,1784923204,4,0.08706773720811052,0.99
close_2000utc,1785182400,2026-07-27T20:00:00Z,1785182387,-13,0.08812485171510319,0.99
close_2000utc,1785268800,2026-07-28T20:00:00Z,1785268805,5,0.08357728639488382,0.99
close_2000utc,1785355200,2026-07-29T20:00:00Z,1785355208,8,0.07794127594935699,0.99
close_2000utc,1785441600,2026-07-30T20:00:00Z,1785441608,8,0.08283981749825152,0.99
close_2000utc,1785528000,2026-07-31T20:00:00Z,1785528002,2,0.0805064995860869,0.99
close_2000utc,1785787200,2026-08-03T20:00:00Z,1785787194,-6,0.0914067264971792,0.99
close_2000utc,1785873600,2026-08-04T20:00:00Z,1785873600,0,0.09228584021397428,0.99
close_2000utc,1785960000,2026-08-05T20:00:00Z,1785960000,0,0.09188477036169292,0.99
close_2000utc,1786046400,2026-08-06T20:00:00Z,1786046400,0,0.09216946475800891,0.99
close_2000utc,1786132800,2026-08-07T20:00:00Z,1786132800,0,0.09406738925630947,0.99
close_2000utc,1786392000,2026-08-10T20:00:00Z,1786392100,100,0.08780570177362015,0.99
close_2000utc,1786478400,2026-08-11T20:00:00Z,1786478400,0,0.08871823526855985,0.99
close_2000utc,1786564800,2026-08-12T20:00:00Z,1786564900,100,0.08643730141202356,0.99
close_2000utc,1786651200,2026-08-13T20:00:00Z,1786651300,100,0.0853277678969306,0.99
close_2000utc,1786737600,2026-08-14T20:00:00Z,1786737700,100,0.08366055402479712,0.99
close_2000utc,1786996800,2026-08-17T20:00:00Z,1786996890,90,0.08330134506901805,0.99
close_2000utc,1787083200,2026-08-18T20:00:00Z,1787083300,100,0.08339235971403819,0.99
close_2000utc,1787169600,2026-08-19T20:00:00Z,1787169600,0,0.08987173038270803,0.99
close_2000utc,1787256000,2026-08-20T20:00:00Z,1787256000,0,0.10761966004253203,0.99
close_2000utc,1787342400,2026-08-21T20:00:00Z,1787342400,0,0.1365945317576454,0.99
close_2000utc,1787601600,2026-08-24T20:00:00Z,1787601600,0,0.15253223520362383,0.99
close_2000utc,1787688000,2026-08-25T20:00:00Z,1787688000,0,0.14762448612546838,0.99
close_2000utc,1787774400,2026-08-26T20:00:00Z,1787774400,0,0.13810967082423858,0.99
close_2000utc,1787860800,2026-08-27T20:00:00Z,1787860800,0,0.1668143538213184,0.99
close_2000utc,1787947200,2026-08-28T20:00:00Z,1787947200,0,0.1596598456097463,0.99
close_2000utc,1788206400,2026-08-31T20:00:00Z,1788206400,0,0.14916133843101184,0.99
close_2000utc,1788292800,2026-09-01T20:00:00Z,1788292800,0,0.15706135873253674,0.99
close_2000utc,1788379200,2026-09-02T20:00:00Z,1788379200,0,0.14887985700223533,0.99
close_2000utc,1788465600,2026-09-03T20:00:00Z,1788465600,0,0.17073903684554667,0.99
close_2000utc,1788552000,2026-09-04T20:00:00Z,1788552000,0,0.16352344033662475,0.99
close_2000utc,1788897600,2026-09-08T20:00:00Z,1788897600,0,0.15951028228398512,0.99
close_2000utc,1788984000,2026-09-09T20:00:00Z,1788984000,0,0.15275926907402246,0.99
close_2000utc,1789070400,2026-09-10T20:00:00Z,1789070400,0,0.14377670709745843,0.99
close_2000utc,1789156800,2026-09-11T20:00:00Z,1789156800,0,0.1424035618279356,0.99
close_2000utc,1789416000,2026-09-14T20:00:00Z,1789416000,0,0.14561342188312817,0.99
close_2000utc,1789502400,2026-09-15T20:00:00Z,1789502400,0,0.14108764412592076,0.99
close_2000utc,1789588800,2026-09-16T20:00:00Z,1789588800,0,0.1463756795430663,0.99
close_2000utc,1789675200,2026-09-17T20:00:00Z,1789675200,0,0.1535770940495453,0.99
close_2000utc,1789761600,2026-09-18T20:00:00Z,1789761600,0,0.1677030713512977,0.99
close_2000utc,1790020800,2026-09-21T20:00:00Z,1790020800,0,0.21355541920954313,0.99
close_2000utc,1790107200,2026-09-22T20:00:00Z,1790107200,0,0.20778407928726572,0.99
close_2000utc,1790193600,2026-09-23T20:00:00Z,1790193600,0,0.2060202465057411,0.99
close_2000utc,1790280000,2026-09-24T20:00:00Z,1790280000,0,0.22250819300638014,0.99
close_2000utc,1790366400,2026-09-25T20:00:00Z,1790366400,0,0.26172564636081563,0.99
close_2000utc,1790625600,2026-09-28T20:00:00Z,1790625600,0,0.26030831684744127,0.99
close_2000utc,1790712000,2026-09-29T20:00:00Z,1790712000,0,0.2500299462939067,0.99
close_2000utc,1790798400,2026-09-30T20:00:00Z,1790798400,0,0.26311092469590835,0.99
close_2000utc,1790884800,2026-10-01T20:00:00Z,1790884800,0,0.24644541951581628,0.99
close_2000utc,1790971200,2026-10-02T20:00:00Z,1790971200,0,0.23543379343142629,0.99
close_2000utc,1791230400,2026-10-05T20:00:00Z,1791230400,0,0.24810237328817794,0.99
close_2000utc,1791316800,2026-10-06T20:00:00Z,1791316800,0,0.23793219538587235,0.99
close_2000utc,1791403200,2026-10-07T20:00:00Z,1791403200,0,0.2255739656571067,0.99
close_2000utc,1791489600,2026-10-08T20:00:00Z,1791489600,0,0.20515292993821735,0.99
open_1330utc,1782480600,2026-06-26T13:30:00Z,1782480606,6,0.07727817411119428,0.99
open_1330utc,1782739800,2026-06-29T13:30:00Z,1782739808,8,0.08032654911850369,0.99
open_1330utc,1782826200,2026-06-30T13:30:00Z,1782826186,-14,0.07173329472993828,0.99
open_1330utc,1782912600,2026-07-01T13:30:00Z,1782912599,-1,0.07143650832767989,0.99
open_1330utc,1782999000,2026-07-02T13:30:00Z,1782999008,8,0.07845134572875394,0.99
open_1330utc,1783344600,2026-07-06T13:30:00Z,1783344593,-7,0.075091100305826,0.99
open_1330utc,1783431000,2026-07-07T13:30:00Z,1783430988,-12,0.07604502471561486,0.99
open_1330utc,1783517400,2026-07-08T13:30:00Z,1783517405,5,0.07330554917297563,0.99
open_1330utc,1783603800,2026-07-09T13:30:00Z,1783603800,0,0.07579292461795814,0.99
open_1330utc,1783690200,2026-07-10T13:30:00Z,1783690189,-11,0.07876182914950787,0.99
open_1330utc,1783949400,2026-07-13T13:30:00Z,1783949399,-1,0.07884362260773328,0.99
open_1330utc,1784035800,2026-07-14T13:30:00Z,1784035800,0,0.0846935004044041,0.99
open_1330utc,1784122200,2026-07-15T13:30:00Z,1784122200,0,0.0849077917732459,0.99
open_1330utc,1784208600,2026-07-16T13:30:00Z,1784208602,2,0.08315876492852367,0.99
open_1330utc,1784295000,2026-07-17T13:30:00Z,1784295008,8,0.07927111835196782,0.99
open_1330utc,1784554200,2026-07-20T13:30:00Z,1784554196,-4,0.08128209497296093,0.99
open_1330utc,1784640600,2026-07-21T13:30:00Z,1784640603,3,0.0864758047353959,0.99
open_1330utc,1784727000,2026-07-22T13:30:00Z,1784727003,3,0.08809659912802456,0.99
open_1330utc,1784813400,2026-07-23T13:30:00Z,1784813406,6,0.0890025164154598,0.99
open_1330utc,1784899800,2026-07-24T13:30:00Z,1784899807,7,0.08652492227113617,0.99
open_1330utc,1785159000,2026-07-27T13:30:00Z,1785158992,-8,0.09130067675664776,0.99
open_1330utc,1785245400,2026-07-28T13:30:00Z,1785245406,6,0.0830978665191074,0.99
open_1330utc,1785331800,2026-07-29T13:30:00Z,1785331794,-6,0.08090606799783576,0.99
open_1330utc,1785418200,2026-07-30T13:30:00Z,1785418188,-12,0.08018661607639102,0.99
open_1330utc,1785504600,2026-07-31T13:30:00Z,1785504607,7,0.08189700580929257,0.99
open_1330utc,1785763800,2026-08-03T13:30:00Z,1785763804,4,0.09170825717870572,0.99
open_1330utc,1785850200,2026-08-04T13:30:00Z,1785850200,0,0.09110551596636775,0.99
open_1330utc,1785936600,2026-08-05T13:30:00Z,1785936600,0,0.09117585788075318,0.99
open_1330utc,1786023000,2026-08-06T13:30:00Z,1786023000,0,0.09064533341312841,0.99
open_1330utc,1786109400,2026-08-07T13:30:00Z,1786109400,0,0.09621614921269381,0.99
open_1330utc,1786368600,2026-08-10T13:30:00Z,1786368710,110,0.08967383117152905,0.99
open_1330utc,1786455000,2026-08-11T13:30:00Z,1786455000,0,0.08942394110301398,0.99
open_1330utc,1786541400,2026-08-12T13:30:00Z,1786541510,110,0.09018675473449585,0.99
open_1330utc,1786627800,2026-08-13T13:30:00Z,1786627910,110,0.08593882534993696,0.99
open_1330utc,1786714200,2026-08-14T13:30:00Z,1786714300,100,0.08352430703300172,0.99
open_1330utc,1786973400,2026-08-17T13:30:00Z,1786973510,110,0.08315996631624188,0.99
open_1330utc,1787059800,2026-08-18T13:30:00Z,1787059910,110,0.0837060524767788,0.99
open_1330utc,1787146200,2026-08-19T13:30:00Z,1787146200,0,0.08463176178398286,0.99
open_1330utc,1787232600,2026-08-20T13:30:00Z,1787232600,0,0.09881895159612697,0.99
open_1330utc,1787319000,2026-08-21T13:30:00Z,1787319000,0,0.1412637270071826,0.99
open_1330utc,1787578200,2026-08-24T13:30:00Z,1787578200,0,0.16251019377600445,0.99
open_1330utc,1787664600,2026-08-25T13:30:00Z,1787664600,0,0.14743966356724073,0.99
open_1330utc,1787751000,2026-08-26T13:30:00Z,1787751000,0,0.13885482651792452,0.99
open_1330utc,1787837400,2026-08-27T13:30:00Z,1787837400,0,0.1465412608772628,0.99
open_1330utc,1787923800,2026-08-28T13:30:00Z,1787923800,0,0.16172823563010102,0.99
open_1330utc,1788183000,2026-08-31T13:30:00Z,1788183000,0,0.14891693796319344,0.99
open_1330utc,1788269400,2026-09-01T13:30:00Z,1788269400,0,0.16009726675624497,0.99
open_1330utc,1788355800,2026-09-02T13:30:00Z,1788355800,0,0.14976038140881962,0.99
open_1330utc,1788442200,2026-09-03T13:30:00Z,1788442200,0,0.15507673751807027,0.99
open_1330utc,1788528600,2026-09-04T13:30:00Z,1788528600,0,0.164258590456727,0.99
open_1330utc,1788874200,2026-09-08T13:30:00Z,1788874200,0,0.15883685020226893,0.99
open_1330utc,1788960600,2026-09-09T13:30:00Z,1788960600,0,0.1636914695906183,0.99
open_1330utc,1789047000,2026-09-10T13:30:00Z,1789047000,0,0.14652276576096707,0.99
open_1330utc,1789133400,2026-09-11T13:30:00Z,1789133400,0,0.14607357041254002,0.99
open_1330utc,1789392600,2026-09-14T13:30:00Z,1789392600,0,0.13888338938940575,0.99
open_1330utc,1789479000,2026-09-15T13:30:00Z,1789479000,0,0.14284432656519555,0.99
open_1330utc,1789565400,2026-09-16T13:30:00Z,1789565400,0,0.1439983848926914,0.99
open_1330utc,1789651800,2026-09-17T13:30:00Z,1789651800,0,0.1515057394370481,0.99
open_1330utc,1789738200,2026-09-18T13:30:00Z,1789738200,0,0.1628845731232936,0.99
open_1330utc,1789997400,2026-09-21T13:30:00Z,1789997400,0,0.22304574014081155,0.99
open_1330utc,1790083800,2026-09-22T13:30:00Z,1790083800,0,0.21028220120403499,0.99
open_1330utc,1790170200,2026-09-23T13:30:00Z,1790170200,0,0.21186843216047285,0.99
open_1330utc,1790256600,2026-09-24T13:30:00Z,1790256600,0,0.2139115361274471,0.99
open_1330utc,1790343000,2026-09-25T13:30:00Z,1790343000,0,0.24438003216832832,0.99
open_1330utc,1790602200,2026-09-28T13:30:00Z,1790602200,0,0.27103206478470415,0.99
open_1330utc,1790688600,2026-09-29T13:30:00Z,1790688600,0,0.25786215731737416,0.99
open_1330utc,1790775000,2026-09-30T13:30:00Z,1790775000,0,0.2686493867032881,0.99
open_1330utc,1790861400,2026-10-01T13:30:00Z,1790861400,0,0.2596445796339918,0.99
open_1330utc,1790947800,2026-10-02T13:30:00Z,1790947800,0,0.24589536650932448,0.99
open_1330utc,1791207000,2026-10-05T13:30:00Z,1791207000,0,0.2527986657545149,0.99
open_1330utc,1791293400,2026-10-06T13:30:00Z,1791293400,0,0.24013776235005715,0.99
open_1330utc,1791379800,2026-10-07T13:30:00Z,1791379800,0,0.23092445995276265,0.99
open_1330utc,1791466200,2026-10-08T13:30:00Z,1791466200,0,0.21603460493617432,0.99
