start_unix,start_utc,open,high,low,close,vwap,volume_ena,trades
1782403200,2026-06-25T16:00:00Z,0.0813,0.0820,0.0794,0.0797,0.0804,533350.31931,149
1782417600,2026-06-25T20:00:00Z,0.0799,0.0828,0.0797,0.0823,0.0811,1583237.60959,198
1782489600,2026-06-26T16:00:00Z,0.0780,0.0807,0.0780,0.0796,0.0793,1742121.23688,266
1782504000,2026-06-26T20:00:00Z,0.0795,0.0807,0.0787,0.0793,0.0792,1427187.57328,252
1782576000,2026-06-27T16:00:00Z,0.0796,0.0798,0.0768,0.0773,0.0775,2413054.96788,416
1782590400,2026-06-27T20:00:00Z,0.0772,0.0784,0.0763,0.0768,0.0772,494859.48921,124
1782662400,2026-06-28T16:00:00Z,0.0761,0.0769,0.0748,0.0750,0.0752,637158.47827,140
1782676800,2026-06-28T20:00:00Z,0.0754,0.0774,0.0750,0.0768,0.0758,778493.49860,201
1782748800,2026-06-29T16:00:00Z,0.0803,0.0809,0.0780,0.0787,0.0795,2444159.92927,673
1782763200,2026-06-29T20:00:00Z,0.0786,0.0791,0.0778,0.0788,0.0786,780750.49568,156
1782835200,2026-06-30T16:00:00Z,0.0706,0.0721,0.0705,0.0707,0.0710,980915.88390,290
1782849600,2026-06-30T20:00:00Z,0.0705,0.0722,0.0703,0.0721,0.0712,485883.21633,134
1782921600,2026-07-01T16:00:00Z,0.0727,0.0728,0.0712,0.0718,0.0719,821530.07734,239
1782936000,2026-07-01T20:00:00Z,0.0717,0.0734,0.0709,0.0711,0.0721,1443042.79407,309
1783008000,2026-07-02T16:00:00Z,0.0759,0.0769,0.0748,0.0768,0.0762,851114.44490,247
1783022400,2026-07-02T20:00:00Z,0.0768,0.0771,0.0761,0.0766,0.0767,248897.39183,93
1783094400,2026-07-03T16:00:00Z,0.0785,0.0796,0.0779,0.0790,0.0785,640754.19749,163
1783108800,2026-07-03T20:00:00Z,0.0788,0.0801,0.0786,0.0794,0.0795,1572376.46159,309
1783180800,2026-07-04T16:00:00Z,0.0807,0.0813,0.0796,0.0797,0.0803,598951.18634,172
1783195200,2026-07-04T20:00:00Z,0.0799,0.0799,0.0785,0.0789,0.0789,114628.32247,83
1783267200,2026-07-05T16:00:00Z,0.0786,0.0805,0.0780,0.0797,0.0795,484234.46682,136
1783281600,2026-07-05T20:00:00Z,0.0801,0.0812,0.0792,0.0804,0.0803,877308.02701,200
1783353600,2026-07-06T16:00:00Z,0.0773,0.0796,0.0773,0.0789,0.0784,583581.17906,205
1783368000,2026-07-06T20:00:00Z,0.0786,0.0800,0.0784,0.0784,0.0787,759298.50040,156
1783440000,2026-07-07T16:00:00Z,0.0778,0.0784,0.0763,0.0779,0.0777,155834.29550,79
1783454400,2026-07-07T20:00:00Z,0.0771,0.0771,0.0748,0.0760,0.0756,259918.67919,121
1783526400,2026-07-08T16:00:00Z,0.0733,0.0746,0.0733,0.0742,0.0738,153986.86158,94
1783540800,2026-07-08T20:00:00Z,0.0740,0.0748,0.0734,0.0747,0.0742,68629.46507,59
1783612800,2026-07-09T16:00:00Z,0.0766,0.0778,0.0759,0.0769,0.0774,2059376.29263,240
1783627200,2026-07-09T20:00:00Z,0.0766,0.0774,0.0764,0.0765,0.0767,110673.55221,86
1783699200,2026-07-10T16:00:00Z,0.0790,0.0809,0.0789,0.0804,0.0801,260525.81125,162
1783713600,2026-07-10T20:00:00Z,0.0800,0.0821,0.0796,0.0810,0.0808,294630.04737,177
1783785600,2026-07-11T16:00:00Z,0.0822,0.0841,0.0817,0.0835,0.0833,576967.52929,149
1783800000,2026-07-11T20:00:00Z,0.0839,0.0839,0.0800,0.0800,0.0810,390638.73533,112
1783872000,2026-07-12T16:00:00Z,0.0814,0.0818,0.0807,0.0815,0.0813,132404.55144,71
1783886400,2026-07-12T20:00:00Z,0.0813,0.0813,0.0797,0.0799,0.0801,294748.38629,85
1783958400,2026-07-13T16:00:00Z,0.0787,0.0790,0.0777,0.0786,0.0783,151837.42579,93
1783972800,2026-07-13T20:00:00Z,0.0788,0.0788,0.0770,0.0784,0.0777,208931.23438,95
1784044800,2026-07-14T16:00:00Z,0.0836,0.0844,0.0832,0.0842,0.0837,377989.38060,137
1784059200,2026-07-14T20:00:00Z,0.0841,0.0849,0.0839,0.0841,0.0842,336951.46266,119
1784131200,2026-07-15T16:00:00Z,0.0848,0.0849,0.0826,0.0826,0.0838,576296.69329,187
1784145600,2026-07-15T20:00:00Z,0.0828,0.0843,0.0827,0.0834,0.0838,146273.93422,71
1784217600,2026-07-16T16:00:00Z,0.0853,0.0859,0.0839,0.0840,0.0849,1744582.30840,297
1784232000,2026-07-16T20:00:00Z,0.0838,0.0847,0.0819,0.0823,0.0836,860076.84339,251
1784304000,2026-07-17T16:00:00Z,0.0808,0.0830,0.0806,0.0819,0.0818,132259.77393,132
1784318400,2026-07-17T20:00:00Z,0.0817,0.0827,0.0816,0.0818,0.0818,290229.91811,99
1784390400,2026-07-18T16:00:00Z,0.0799,0.0810,0.0795,0.0804,0.0798,114521.69094,58
1784404800,2026-07-18T20:00:00Z,0.0805,0.0813,0.0805,0.0808,0.0806,183085.93527,77
1784476800,2026-07-19T16:00:00Z,0.0803,0.0804,0.0790,0.0801,0.0797,101839.85933,67
1784491200,2026-07-19T20:00:00Z,0.0803,0.0804,0.0796,0.0797,0.0800,51124.41832,36
1784563200,2026-07-20T16:00:00Z,0.0834,0.0836,0.0820,0.0824,0.0827,400217.58318,159
1784577600,2026-07-20T20:00:00Z,0.0823,0.0833,0.0820,0.0829,0.0823,241041.79972,88
1784649600,2026-07-21T16:00:00Z,0.0863,0.0864,0.0853,0.0862,0.0857,226467.17333,99
1784664000,2026-07-21T20:00:00Z,0.0862,0.0871,0.0861,0.0866,0.0865,104207.47785,70
1784736000,2026-07-22T16:00:00Z,0.0893,0.0928,0.0893,0.0924,0.0912,2208004.20893,313
1784750400,2026-07-22T20:00:00Z,0.0925,0.0929,0.0898,0.0901,0.0918,427970.32272,134
1784822400,2026-07-23T16:00:00Z,0.0893,0.0894,0.0878,0.0886,0.0884,418958.11163,174
1784836800,2026-07-23T20:00:00Z,0.0888,0.0896,0.0888,0.0888,0.0891,263802.07667,75
1784908800,2026-07-24T16:00:00Z,0.0865,0.0877,0.0865,0.0872,0.0871,389414.45374,93
1784923200,2026-07-24T20:00:00Z,0.0873,0.0877,0.0870,0.0872,0.0872,38548.37161,34
1784995200,2026-07-25T16:00:00Z,0.0861,0.0869,0.0859,0.0860,0.0866,136581.39794,55
1785009600,2026-07-25T20:00:00Z,0.0860,0.0864,0.0859,0.0860,0.0860,54139.54961,51
1785081600,2026-07-26T16:00:00Z,0.0858,0.0864,0.0855,0.0856,0.0858,123632.65320,63
1785096000,2026-07-26T20:00:00Z,0.0856,0.0909,0.0850,0.0904,0.0882,353277.11305,255
1785168000,2026-07-27T16:00:00Z,0.0888,0.0896,0.0871,0.0881,0.0881,290987.42822,160
1785182400,2026-07-27T20:00:00Z,0.0878,0.0882,0.0819,0.0821,0.0843,556308.97536,284
1785254400,2026-07-28T16:00:00Z,0.0859,0.0860,0.0833,0.0835,0.0848,434884.81869,172
1785268800,2026-07-28T20:00:00Z,0.0835,0.0839,0.0828,0.0834,0.0831,356883.94354,94
1785340800,2026-07-29T16:00:00Z,0.0794,0.0810,0.0778,0.0778,0.0791,825519.39481,262
1785355200,2026-07-29T20:00:00Z,0.0781,0.0783,0.0769,0.0782,0.0776,350313.90853,131
1785427200,2026-07-30T16:00:00Z,0.0817,0.0830,0.0807,0.0830,0.0818,274746.39932,94
1785441600,2026-07-30T20:00:00Z,0.0829,0.0833,0.0812,0.0813,0.0825,463476.86206,165
1785513600,2026-07-31T16:00:00Z,0.0798,0.0820,0.0798,0.0805,0.0812,448742.27255,182
1785528000,2026-07-31T20:00:00Z,0.0804,0.0806,0.0800,0.0804,0.0802,303075.08130,129
1785600000,2026-08-01T16:00:00Z,0.0810,0.0813,0.0789,0.0801,0.0802,1971522.15942,427
1785614400,2026-08-01T20:00:00Z,0.0800,0.0801,0.0791,0.0791,0.0797,93596.03851,34
1785686400,2026-08-02T16:00:00Z,0.0884,0.0899,0.0884,0.0889,0.0892,470304.91390,371
1785700800,2026-08-02T20:00:00Z,0.0887,0.0902,0.0883,0.0895,0.0892,510996.90504,241
1785772800,2026-08-03T16:00:00Z,0.0920,0.0935,0.0914,0.0916,0.0920,1793025.51922,357
1785787200,2026-08-03T20:00:00Z,0.0914,0.0929,0.0914,0.0929,0.0922,560410.15298,180
1785859200,2026-08-04T16:00:00Z,0.0913,0.0925,0.0909,0.0923,0.0919,304234.74740,126
1785873600,2026-08-04T20:00:00Z,0.0922,0.0929,0.0917,0.0920,0.0922,247040.42677,101
1785945600,2026-08-05T16:00:00Z,0.0919,0.0926,0.0916,0.0919,0.0922,639300.98707,175
1785960000,2026-08-05T20:00:00Z,0.0918,0.0940,0.0917,0.0923,0.0923,340813.20843,128
1786032000,2026-08-06T16:00:00Z,0.0923,0.0931,0.0914,0.0921,0.0925,541809.37030,255
1786046400,2026-08-06T20:00:00Z,0.0924,0.0937,0.0919,0.0928,0.0926,218538.67674,139
1786118400,2026-08-07T16:00:00Z,0.0950,0.0958,0.0934,0.0939,0.0946,1000706.53151,225
1786132800,2026-08-07T20:00:00Z,0.0942,0.0944,0.0908,0.0915,0.0922,640978.96493,264
1786204800,2026-08-08T16:00:00Z,0.0914,0.0919,0.0899,0.0902,0.0904,345362.75375,185
1786219200,2026-08-08T20:00:00Z,0.0901,0.0905,0.0897,0.0902,0.0901,302083.21158,122
1786291200,2026-08-09T16:00:00Z,0.0877,0.0878,0.0869,0.0873,0.0871,815756.33888,175
1786305600,2026-08-09T20:00:00Z,0.0872,0.0882,0.0858,0.0865,0.0869,1609878.79989,268
1786377600,2026-08-10T16:00:00Z,0.0885,0.0885,0.0871,0.0877,0.0879,1864150.39620,246
1786392000,2026-08-10T20:00:00Z,0.0878,0.0881,0.0872,0.0879,0.0878,788512.22231,136
1786464000,2026-08-11T16:00:00Z,0.0894,0.0899,0.0874,0.0888,0.0887,1756478.79464,214
1786478400,2026-08-11T20:00:00Z,0.0888,0.0914,0.0888,0.0901,0.0902,5022253.04444,434
1786550400,2026-08-12T16:00:00Z,0.0889,0.0891,0.0864,0.0867,0.0872,1650510.31538,305
1786564800,2026-08-12T20:00:00Z,0.0866,0.0869,0.0852,0.0867,0.0860,2066231.99917,199
1786636800,2026-08-13T16:00:00Z,0.0855,0.0855,0.0845,0.0853,0.0851,1102099.03862,197
1786651200,2026-08-13T20:00:00Z,0.0853,0.0859,0.0849,0.0859,0.0855,350379.83407,103
1786723200,2026-08-14T16:00:00Z,0.0835,0.0842,0.0832,0.0837,0.0838,767498.14816,129
1786737600,2026-08-14T20:00:00Z,0.0837,0.0845,0.0834,0.0845,0.0839,554363.64068,56
1786809600,2026-08-15T16:00:00Z,0.0853,0.0856,0.0845,0.0847,0.0848,315074.15054,59
1786824000,2026-08-15T20:00:00Z,0.0843,0.0845,0.0838,0.0839,0.0840,118385.80002,55
1786896000,2026-08-16T16:00:00Z,0.0841,0.0841,0.0833,0.0834,0.0837,155276.08453,65
1786910400,2026-08-16T20:00:00Z,0.0833,0.0834,0.0813,0.0823,0.0822,1258215.82141,189
1786982400,2026-08-17T16:00:00Z,0.0835,0.0836,0.0827,0.0833,0.0832,136877.62312,82
1786996800,2026-08-17T20:00:00Z,0.0833,0.0837,0.0826,0.0832,0.0830,358401.94214,93
1787068800,2026-08-18T16:00:00Z,0.0846,0.0847,0.0833,0.0833,0.0840,1032998.91366,140
1787083200,2026-08-18T20:00:00Z,0.0834,0.0834,0.0826,0.0827,0.0827,754339.07322,84
1787155200,2026-08-19T16:00:00Z,0.0880,0.0907,0.0878,0.0899,0.0891,14090037.11230,3210
1787169600,2026-08-19T20:00:00Z,0.0900,0.0951,0.0897,0.0934,0.0927,8347730.49561,1279
1787241600,2026-08-20T16:00:00Z,0.1020,0.1103,0.1008,0.1075,0.1053,8922873.21394,2135
1787256000,2026-08-20T20:00:00Z,0.1076,0.1188,0.1067,0.1168,0.1144,8484901.44337,1747
1787328000,2026-08-21T16:00:00Z,0.1505,0.1527,0.1351,0.1365,0.1440,16247106.19782,4050
1787342400,2026-08-21T20:00:00Z,0.1364,0.1446,0.1362,0.1423,0.1415,7509962.10469,2161
1787414400,2026-08-22T16:00:00Z,0.1514,0.1559,0.1487,0.1546,0.1512,4119655.40103,985
1787428800,2026-08-22T20:00:00Z,0.1548,0.1628,0.1536,0.1582,0.1581,4109615.51306,1140
1787500800,2026-08-23T16:00:00Z,0.1712,0.1714,0.1636,0.1653,0.1663,3576531.08996,1009
1787515200,2026-08-23T20:00:00Z,0.1646,0.1675,0.1603,0.1620,0.1642,3329149.06466,893
1787587200,2026-08-24T16:00:00Z,0.1617,0.1626,0.1509,0.1524,0.1560,5220151.70421,1564
1787601600,2026-08-24T20:00:00Z,0.1524,0.1545,0.1493,0.1526,0.1516,1679057.99547,678
1787673600,2026-08-25T16:00:00Z,0.1493,0.1532,0.1473,0.1478,0.1502,3884927.72237,1024
1787688000,2026-08-25T20:00:00Z,0.1476,0.1476,0.1413,0.1432,0.1440,2698053.77459,816
1787760000,2026-08-26T16:00:00Z,0.1394,0.1394,0.1350,0.1381,0.1367,1846890.20852,656
1787774400,2026-08-26T20:00:00Z,0.1380,0.1486,0.1362,0.1477,0.1443,3565569.56156,805
1787846400,2026-08-27T16:00:00Z,0.1635,0.1720,0.1617,0.1669,0.1673,15090733.58444,4731
1787860800,2026-08-27T20:00:00Z,0.1671,0.1730,0.1647,0.1703,0.1693,9032886.05919,2211
1787932800,2026-08-28T16:00:00Z,0.1700,0.1702,0.1579,0.1600,0.1643,9309240.99733,2473
1787947200,2026-08-28T20:00:00Z,0.1599,0.1636,0.1578,0.1626,0.1608,4240439.75419,1082
1788019200,2026-08-29T16:00:00Z,0.1565,0.1592,0.1555,0.1560,0.1570,3105064.31485,727
1788033600,2026-08-29T20:00:00Z,0.1559,0.1607,0.1552,0.1596,0.1570,1375454.91144,388
1788105600,2026-08-30T16:00:00Z,0.1581,0.1648,0.1581,0.1596,0.1610,3080778.41339,1230
1788120000,2026-08-30T20:00:00Z,0.1600,0.1610,0.1458,0.1484,0.1540,4945188.51541,1433
1788192000,2026-08-31T16:00:00Z,0.1514,0.1518,0.1483,0.1493,0.1500,1694969.69169,716
1788206400,2026-08-31T20:00:00Z,0.1493,0.1523,0.1464,0.1496,0.1491,2943136.50359,617
1788278400,2026-09-01T16:00:00Z,0.1626,0.1642,0.1539,0.1569,0.1595,5994840.29256,1913
1788292800,2026-09-01T20:00:00Z,0.1572,0.1603,0.1554,0.1594,0.1576,1605624.46625,826
1788364800,2026-09-02T16:00:00Z,0.1506,0.1518,0.1472,0.1487,0.1497,2149756.06245,1104
1788379200,2026-09-02T20:00:00Z,0.1490,0.1503,0.1464,0.1492,0.1484,1622243.07968,702
1788451200,2026-09-03T16:00:00Z,0.1696,0.1800,0.1690,0.1709,0.1740,17165978.47979,4702
1788465600,2026-09-03T20:00:00Z,0.1708,0.1711,0.1655,0.1684,0.1690,3998195.40798,1198
1788537600,2026-09-04T16:00:00Z,0.1646,0.1676,0.1635,0.1636,0.1651,1583601.41445,1471
1788552000,2026-09-04T20:00:00Z,0.1637,0.1652,0.1620,0.1628,0.1634,906247.20351,862
1788624000,2026-09-05T16:00:00Z,0.1626,0.1675,0.1625,0.1638,0.1650,3785182.81375,1401
1788638400,2026-09-05T20:00:00Z,0.1640,0.1747,0.1640,0.1717,0.1693,7387888.00462,2253
1788710400,2026-09-06T16:00:00Z,0.1715,0.1765,0.1708,0.1757,0.1736,2162109.60089,807
1788724800,2026-09-06T20:00:00Z,0.1760,0.1773,0.1740,0.1763,0.1757,4058888.25758,1509
1788796800,2026-09-07T16:00:00Z,0.1641,0.1680,0.1641,0.1663,0.1658,1841487.78038,898
1788811200,2026-09-07T20:00:00Z,0.1662,0.1662,0.1624,0.1642,0.1641,2157305.15932,1136
1788883200,2026-09-08T16:00:00Z,0.1634,0.1635,0.1587,0.1596,0.1609,2204295.96248,729
1788897600,2026-09-08T20:00:00Z,0.1600,0.1608,0.1590,0.1592,0.1597,1304243.16457,520
1788969600,2026-09-09T16:00:00Z,0.1563,0.1586,0.1522,0.1530,0.1563,4414748.50178,1212
1788984000,2026-09-09T20:00:00Z,0.1529,0.1543,0.1497,0.1522,0.1518,4701000.78387,1340
1789056000,2026-09-10T16:00:00Z,0.1485,0.1489,0.1436,0.1438,0.1464,2329959.90641,777
1789070400,2026-09-10T20:00:00Z,0.1438,0.1461,0.1427,0.1428,0.1444,2082482.09161,702
1789142400,2026-09-11T16:00:00Z,0.1488,0.1507,0.1407,0.1424,0.1454,3139799.18443,966
1789156800,2026-09-11T20:00:00Z,0.1427,0.1436,0.1382,0.1402,0.1403,2105223.32916,731
1789228800,2026-09-12T16:00:00Z,0.1434,0.1437,0.1405,0.1408,0.1421,2424897.22939,855
1789243200,2026-09-12T20:00:00Z,0.1408,0.1426,0.1408,0.1424,0.1418,562325.34378,341
1789315200,2026-09-13T16:00:00Z,0.1385,0.1413,0.1385,0.1389,0.1402,990221.36447,434
1789329600,2026-09-13T20:00:00Z,0.1389,0.1401,0.1353,0.1362,0.1369,1666841.31811,637
1789401600,2026-09-14T16:00:00Z,0.1418,0.1468,0.1410,0.1454,0.1440,4146205.99905,1211
1789416000,2026-09-14T20:00:00Z,0.1460,0.1488,0.1427,0.1433,0.1455,3331586.62347,931
1789488000,2026-09-15T16:00:00Z,0.1436,0.1470,0.1355,0.1412,0.1410,9130245.01931,1778
1789502400,2026-09-15T20:00:00Z,0.1411,0.1420,0.1367,0.1395,0.1392,1963323.88919,685
1789574400,2026-09-16T16:00:00Z,0.1423,0.1526,0.1409,0.1461,0.1466,13192333.05469,2915
1789588800,2026-09-16T20:00:00Z,0.1473,0.1496,0.1444,0.1486,0.1473,2068440.96222,650
1789660800,2026-09-17T16:00:00Z,0.1529,0.1591,0.1524,0.1535,0.1556,4441064.23363,1336
1789675200,2026-09-17T20:00:00Z,0.1536,0.1560,0.1506,0.1545,0.1530,4424212.08770,905
1789747200,2026-09-18T16:00:00Z,0.1669,0.1690,0.1634,0.1680,0.1660,5008711.52941,1188
1789761600,2026-09-18T20:00:00Z,0.1675,0.1718,0.1664,0.1684,0.1696,4960096.61696,1365
1789833600,2026-09-19T16:00:00Z,0.1989,0.2064,0.1958,0.2059,0.2015,7523044.15729,2773
1789848000,2026-09-19T20:00:00Z,0.2054,0.2103,0.1980,0.2042,0.2036,8838296.45722,2729
1789920000,2026-09-20T16:00:00Z,0.2037,0.2305,0.2031,0.2212,0.2220,9355595.31505,2769
1789934400,2026-09-20T20:00:00Z,0.2214,0.2237,0.2127,0.2169,0.2185,4880651.40457,1750
1790006400,2026-09-21T16:00:00Z,0.2144,0.2154,0.2072,0.2135,0.2113,6901652.01144,3354
1790020800,2026-09-21T20:00:00Z,0.2136,0.2146,0.2077,0.2130,0.2112,3328197.97115,1602
1790092800,2026-09-22T16:00:00Z,0.2063,0.2080,0.2036,0.2080,0.2048,3047523.13148,1080
1790107200,2026-09-22T20:00:00Z,0.2077,0.2212,0.2063,0.2162,0.2131,3410254.44723,1468
1790179200,2026-09-23T16:00:00Z,0.2018,0.2146,0.1971,0.2057,0.2058,6201525.38191,2881
1790193600,2026-09-23T20:00:00Z,0.2059,0.2103,0.2031,0.2060,0.2057,3462682.33990,1332
1790265600,2026-09-24T16:00:00Z,0.2170,0.2233,0.2146,0.2231,0.2192,5300876.87706,1350
1790280000,2026-09-24T20:00:00Z,0.2225,0.2261,0.2197,0.2245,0.2236,7145545.34534,2380
1790352000,2026-09-25T16:00:00Z,0.2521,0.2642,0.2513,0.2619,0.2595,10450342.17134,5138
1790366400,2026-09-25T20:00:00Z,0.2621,0.2699,0.2593,0.2680,0.2651,3877067.61537,2053
1790438400,2026-09-26T16:00:00Z,0.2741,0.2761,0.2673,0.2719,0.2710,2557274.90469,1042
1790452800,2026-09-26T20:00:00Z,0.2721,0.2732,0.2663,0.2695,0.2688,2028845.90407,858
1790524800,2026-09-27T16:00:00Z,0.2741,0.2944,0.2731,0.2862,0.2838,4051053.41995,3224
1790539200,2026-09-27T20:00:00Z,0.2864,0.2891,0.2683,0.2726,0.2783,3575371.21918,1728
1790611200,2026-09-28T16:00:00Z,0.2587,0.2648,0.2574,0.2602,0.2606,3310149.10820,1222
1790625600,2026-09-28T20:00:00Z,0.2604,0.2633,0.2524,0.2568,0.2574,3535188.44683,1268
1790697600,2026-09-29T16:00:00Z,0.2499,0.2528,0.2433,0.2499,0.2482,2439176.14866,1356
1790712000,2026-09-29T20:00:00Z,0.2498,0.2529,0.2467,0.2483,0.2497,1434001.02377,680
1790784000,2026-09-30T16:00:00Z,0.2693,0.2754,0.2609,0.2626,0.2682,4353958.68883,1547
1790798400,2026-09-30T20:00:00Z,0.2632,0.2681,0.2578,0.2647,0.2612,3775717.49329,1517
1790870400,2026-10-01T16:00:00Z,0.2494,0.2524,0.2442,0.2465,0.2484,2351709.58137,1423
1790884800,2026-10-01T20:00:00Z,0.2464,0.2475,0.2407,0.2431,0.2435,2366120.64034,821
1790956800,2026-10-02T16:00:00Z,0.2441,0.2450,0.2320,0.2355,0.2372,4198755.91544,1393
1790971200,2026-10-02T20:00:00Z,0.2359,0.2370,0.2279,0.2323,0.2326,2009275.76992,928
1791043200,2026-10-03T16:00:00Z,0.2334,0.2385,0.2327,0.2385,0.2364,1098605.23242,672
1791057600,2026-10-03T20:00:00Z,0.2385,0.2397,0.2368,0.2392,0.2385,756000.11697,348
1791129600,2026-10-04T16:00:00Z,0.2368,0.2421,0.2346,0.2393,0.2381,1548837.12862,592
1791144000,2026-10-04T20:00:00Z,0.2398,0.2431,0.2387,0.2416,0.2408,828833.45772,435
1791216000,2026-10-05T16:00:00Z,0.2457,0.2518,0.2435,0.2481,0.2472,2512931.24723,1303
1791230400,2026-10-05T20:00:00Z,0.2481,0.2553,0.2477,0.2497,0.2511,2939587.50009,1240
1791302400,2026-10-06T16:00:00Z,0.2382,0.2392,0.2337,0.2379,0.2366,2459707.76989,1525
1791316800,2026-10-06T20:00:00Z,0.2381,0.2413,0.2371,0.2404,0.2394,1013466.51361,602
1791388800,2026-10-07T16:00:00Z,0.2283,0.2298,0.2236,0.2255,0.2260,2284292.45573,1149
1791403200,2026-10-07T20:00:00Z,0.2258,0.2276,0.2231,0.2264,0.2254,1275931.49152,764
1791475200,2026-10-08T16:00:00Z,0.2041,0.2074,0.1943,0.2043,0.2016,21588155.14985,7601
1791489600,2026-10-08T20:00:00Z,0.2044,0.2086,0.2044,0.2067,0.2068,2153170.41991,1049
