date,open,high,low,close,volume
2026-06-25,9.40,9.40,9.40,9.40,145
2026-06-26,7.46,8.20,3.25,3.70,435953
2026-06-29,3.47,3.71,2.86,3.33,342275
2026-06-30,3.01,3.24,2.75,2.75,256738
2026-07-01,2.71,2.75,1.75,2.08,13504655
2026-07-02,3.88,4.40,2.52,2.78,50854315
2026-07-06,2.51,2.74,2.40,2.62,2475645
2026-07-07,2.47,2.48,2.12,2.36,1142848
2026-07-08,2.11,2.13,1.92,2.03,1014619
2026-07-09,2.08,2.25,1.99,2.19,1845093
2026-07-10,2.13,2.15,1.96,1.96,892907
2026-07-13,1.89,2.09,1.87,1.90,571460
2026-07-14,1.87,1.92,1.73,1.78,1465883
2026-07-15,1.75,1.94,1.75,1.82,738790
2026-07-16,1.83,1.98,1.78,1.92,752474
2026-07-17,1.84,1.87,1.71,1.74,528088
2026-07-20,1.73,1.79,1.71,1.73,357592
2026-07-21,1.71,1.93,1.71,1.87,615147
2026-07-22,1.82,2.06,1.80,1.87,858006
2026-07-23,1.90,1.93,1.71,1.74,908254
2026-07-24,1.76,1.80,1.43,1.43,1122914
2026-07-27,1.48,1.58,1.33,1.52,529326
2026-07-28,1.52,1.85,1.47,1.69,625201
2026-07-29,1.64,1.67,1.43,1.51,401609
2026-07-30,1.47,1.80,1.47,1.64,413234
2026-07-31,1.65,1.80,1.56,1.57,441014
2026-08-03,1.69,1.82,1.68,1.72,391508
2026-08-04,1.82,2.09,1.80,1.98,530597
2026-08-05,1.99,2.48,1.96,2.46,916363
2026-08-06,2.27,2.37,2.18,2.23,210386
2026-08-07,2.21,2.24,1.95,2.07,321746
2026-08-10,2.02,2.23,1.87,2.16,318182
2026-08-11,2.15,2.59,2.12,2.40,465213
2026-08-12,2.42,2.62,2.36,2.45,206481
2026-08-13,2.46,2.70,2.45,2.59,369661
2026-08-14,2.59,2.95,2.51,2.93,662693
2026-08-17,2.88,3.43,2.84,3.02,603273
2026-08-18,3.01,3.08,2.63,2.79,376766
2026-08-19,2.73,3.14,2.70,3.09,541197
2026-08-20,3.23,4.13,3.23,4.00,6979500
2026-08-21,5.04,8.79,4.46,7.41,98971190
2026-08-24,7.80,8.10,5.80,6.27,13946642
2026-08-25,5.47,6.49,5.47,6.06,4312545
2026-08-26,5.81,6.16,5.50,5.98,1654127
2026-08-27,6.50,8.50,6.05,8.07,21667372
2026-08-28,7.24,8.46,6.70,6.76,5594577
2026-08-31,6.76,9.25,6.50,8.87,10422199
2026-09-01,8.15,9.09,7.61,8.36,4911094
2026-09-02,8.07,8.07,6.90,7.50,3149258
2026-09-03,8.11,9.01,7.51,8.77,6839576
2026-09-04,7.87,8.23,7.40,7.93,4189359
2026-09-08,7.76,8.15,7.12,7.61,2219999
2026-09-09,8.01,8.43,6.98,7.24,3518944
2026-09-10,6.73,7.33,6.60,6.66,2418070
2026-09-11,7.10,7.98,6.86,7.26,3771240
2026-09-14,6.96,7.53,6.76,7.44,2064314
2026-09-15,6.96,7.10,5.90,6.12,3231877
2026-09-16,6.06,6.29,5.87,6.20,1408720
2026-09-17,6.61,9.48,6.36,7.71,14316923
2026-09-18,9.54,10.56,8.51,10.19,14892262
2026-09-21,13.05,13.79,12.20,12.60,10660834
2026-09-22,12.99,14.19,12.88,13.54,5427338
2026-09-23,13.22,13.75,12.56,12.87,2772599
2026-09-24,12.77,15.49,12.67,14.22,5603034
2026-09-25,15.53,17.50,14.34,17.25,8004617
2026-09-28,16.56,17.07,15.51,15.56,4079763
2026-09-29,16.10,16.40,14.05,15.32,4182448
2026-09-30,16.04,18.11,16.00,16.08,5261545
2026-10-01,16.04,16.60,15.50,15.51,2146398
2026-10-02,15.27,15.32,14.08,14.15,2764047
2026-10-05,14.36,14.96,13.53,14.96,4741471
2026-10-06,13.95,15.11,13.90,14.33,1799288
2026-10-07,13.55,13.92,12.80,13.82,2046789
2026-10-08,12.94,13.10,12.07,12.79,1794989
