t_ms,o,h,l,c,sc
1787763600000,5.7999,5.9631,5.7999,5.9631,1308
1787767200000,5.9631,6.1669,5.9631,6.1669,3703
1787770800000,6.1669,6.2399,6.0755,6.0755,3771
1787774400000,6.0755,6.1425,6.0751,6.1425,3707
1787778000000,6.1425,6.1574,6.1425,6.1574,3724
1787781600000,6.1574,6.1574,6.1574,6.1574,3663
1787785200000,6.1574,6.1574,6.1574,6.1574,3660
1787788800000,6.1574,6.1574,6.1573,6.1573,3681
1787792400000,6.1573,6.1573,6.1573,6.1573,3664
1787796000000,6.1573,6.159,6.1573,6.159,3661
1787799600000,6.159,6.1749,6.159,6.1749,3661
1787803200000,6.1749,6.1749,6.1749,6.1749,3659
1787806800000,6.1749,6.1749,6.1749,6.1749,3659
1787810400000,6.1749,6.1749,6.1749,6.1749,3661
1787814000000,6.1749,6.1806,6.1749,6.1806,3700
1787817600000,6.1806,6.2839,6.1806,6.2839,3674
1787821200000,6.2839,6.2839,6.2839,6.2839,3681
1787824800000,6.2839,6.3636,6.2823,6.3594,3686
1787828400000,6.3594,6.3594,6.3567,6.3567,3662
1787832000000,6.3567,6.3567,6.3146,6.3146,3663
1787835600000,6.3146,6.3146,6.3146,6.3146,3659
1787839200000,6.3146,7.1062,6.3146,7.1062,4291
1787842800000,7.1062,7.5467,7.1062,7.5368,5724
1787846400000,7.5368,7.7734,7.4032,7.7734,4560
1787850000000,7.7734,7.9928,7.709,7.9928,4185
1787853600000,7.9928,8.0628,7.6328,7.8141,4007
1787857200000,7.8141,8.0398,7.8141,8.0108,3745
1787860800000,8.0108,8.0172,7.7742,7.7742,3700
1787864400000,7.7742,7.7862,7.7725,7.7861,3681
1787868000000,7.7861,7.7861,7.7667,7.7667,3670
1787871600000,7.7667,7.7667,7.7587,7.7587,3667
1787875200000,7.7587,7.7587,7.7587,7.7587,3661
1787878800000,7.7587,7.7895,7.7587,7.7832,3718
1787882400000,7.7832,7.8063,7.7766,7.7766,3850
1787886000000,7.7766,7.7766,7.7341,7.7341,3667
1787889600000,7.7341,7.7341,7.7018,7.7093,3673
1787893200000,7.7093,7.7093,7.5099,7.5099,3685
1787896800000,7.5099,7.6916,7.5099,7.6916,3718
1787900400000,7.6916,7.6917,7.6916,7.6917,3663
1787904000000,7.6917,7.7743,7.6917,7.7717,3720
1787907600000,7.7717,7.7717,7.7711,7.7717,3685
1787911200000,7.7717,7.7824,7.7717,7.782,3696
1787914800000,7.782,7.8231,7.782,7.8164,3663
1787918400000,7.8164,7.8164,7.5427,7.5769,3774
1787922000000,7.5769,7.9432,7.3626,7.9432,4569
1787925600000,7.9432,8.0683,7.7012,7.822,6795
1787929200000,7.822,7.8514,7.2548,7.2548,5132
1787932800000,7.2548,7.2863,6.9845,7.1952,5106
1787936400000,7.1952,7.1956,7.1087,7.1087,4115
1787940000000,7.1087,7.1287,6.7116,6.7116,4317
1787943600000,6.7116,6.7799,6.6157,6.7603,5002
1787947200000,6.7603,6.7749,6.7333,6.7363,3746
1787950800000,6.7363,6.7363,6.7248,6.7248,3717
1787954400000,6.7248,6.7329,6.7248,6.7248,3694
1787958000000,6.7248,6.7443,6.6958,6.6958,3696
1787961600000,6.6958,6.6958,6.6947,6.6947,3661
1787965200000,6.6947,6.702,6.6947,6.6949,3659
1787968800000,6.6949,6.6949,6.6947,6.6948,3657
1787972400000,6.6948,6.6948,6.6948,6.6948,3662
1787976000000,6.6948,6.6948,6.6948,6.6948,3657
1787979600000,6.6948,6.6948,6.6948,6.6948,3657
1787983200000,6.6948,6.6948,6.6948,6.6948,3657
1787986800000,6.6948,6.6948,6.6948,6.6948,3658
1787990400000,6.6948,6.6948,6.6948,6.6948,3657
1787994000000,6.6948,6.6948,6.6947,6.6947,3657
1787997600000,6.6947,6.6947,6.6947,6.6947,3657
1788001200000,6.6947,6.6947,6.6947,6.6947,3657
1788004800000,6.6947,6.6947,6.6947,6.6947,3659
1788008400000,6.6947,6.6949,6.6947,6.6948,3662
1788012000000,6.6948,6.6948,6.6948,6.6948,3658
1788015600000,6.6948,6.6948,6.6948,6.6948,3656
1788019200000,6.6948,6.6948,6.6948,6.6948,3657
1788022800000,6.6948,6.6948,6.6928,6.6928,3658
1788026400000,6.6928,6.7006,6.6927,6.6927,3665
1788030000000,6.6927,6.6928,6.6927,6.6928,3660
1788033600000,6.6928,6.6928,6.6928,6.6928,3658
1788037200000,6.6928,6.6928,6.6928,6.6928,3658
1788040800000,6.6928,6.6928,6.6928,6.6928,3657
1788044400000,6.6928,6.6928,6.6928,6.6928,3658
1788048000000,6.6928,6.6928,6.6928,6.6928,3658
1788051600000,6.6928,6.6928,6.6928,6.6928,3655
1788055200000,6.6928,6.6928,6.6928,6.6928,3657
1788058800000,6.6928,6.6928,6.6928,6.6928,3658
1788062400000,6.6928,6.6928,6.6928,6.6928,3658
1788066000000,6.6928,6.6928,6.6928,6.6928,3657
1788069600000,6.6928,6.6928,6.6928,6.6928,3656
1788073200000,6.6928,6.6928,6.6928,6.6928,3656
1788076800000,6.6928,6.6928,6.6928,6.6928,3657
1788080400000,6.6928,6.6928,6.6928,6.6928,3657
1788084000000,6.6928,6.6928,6.6928,6.6928,3657
1788087600000,6.6928,6.7022,6.6928,6.6928,3574
1788091200000,6.6928,6.6928,6.6928,6.6928,3663
1788094800000,6.6928,6.6928,6.6928,6.6928,3658
1788098400000,6.6928,6.6964,6.6928,6.6928,3662
1788102000000,6.6928,6.6928,6.6928,6.6928,3657
1788105600000,6.6928,6.6928,6.6928,6.6928,3659
1788109200000,6.6928,6.6928,6.6928,6.6928,3659
1788112800000,6.6928,6.6928,6.6928,6.6928,3658
1788116400000,6.6928,6.6928,6.6928,6.6928,3658
1788120000000,6.6928,6.6931,6.6928,6.6928,3661
1788123600000,6.6928,6.6928,6.6928,6.6928,3657
1788127200000,6.6928,6.6928,6.6928,6.6928,3659
1788130800000,6.6928,6.6928,6.6928,6.6928,3659
1788134400000,6.6928,6.6928,6.6928,6.6928,3659
1788138000000,6.6928,6.6928,6.6928,6.6928,3658
1788141600000,6.6928,6.6928,6.6928,6.6928,3659
1788145200000,6.6928,6.6928,6.6928,6.6928,3660
1788148800000,6.6928,6.6928,6.6928,6.6928,3659
1788152400000,6.6928,6.6928,6.6928,6.6928,3658
1788156000000,6.6928,6.6928,6.6868,6.6868,3660
1788159600000,6.6868,6.6868,6.6867,6.6867,3658
1788163200000,6.6867,7.0468,6.6867,7.0468,3791
1788166800000,7.0468,7.0468,6.9681,6.9681,3717
1788170400000,6.9681,6.9694,6.968,6.9681,3677
1788174000000,6.9681,6.9698,6.968,6.9698,3711
1788177600000,6.9698,6.9704,6.8867,6.8867,3798
1788181200000,6.8867,7.023,6.784,7.0202,4393
1788184800000,7.0202,7.0815,6.7928,7.0147,5111
1788188400000,7.0147,7.1634,6.9952,7.1634,4536
1788192000000,7.1634,7.2747,7.1634,7.2564,4431
1788195600000,7.2564,8.5208,7.2564,8.5182,5689
1788199200000,8.5182,8.856,8.4122,8.7302,6658
1788202800000,8.7302,9.1077,8.5944,8.8794,6388
1788206400000,8.8794,8.8794,8.6941,8.6941,3923
1788210000000,8.6941,8.695,7.7044,8.1166,4692
1788213600000,8.1166,8.1166,8.0022,8.0022,3886
1788217200000,8.0022,8.111,8.0022,8.0327,3762
1788220800000,8.0327,8.0327,7.9778,7.9778,3662
1788224400000,7.9778,7.9778,7.9778,7.9778,3659
1788228000000,7.9778,7.9778,7.9778,7.9778,3658
1788231600000,7.9778,7.9778,7.9778,7.9778,3657
1788235200000,7.9778,7.9778,7.9778,7.9778,3658
1788238800000,7.9778,7.978,7.9596,7.9596,3669
1788242400000,7.9596,7.9596,7.9596,7.9596,3658
1788246000000,7.9596,7.9596,7.9596,7.9596,3657
1788249600000,7.9596,7.9625,7.9596,7.9596,3762
1788253200000,7.9596,7.9598,7.8901,7.8901,3701
1788256800000,7.8901,8.7973,7.7771,7.9325,3846
1788260400000,7.9325,8.4704,7.8694,8.288,4029
1788264000000,8.288,8.3613,8.1155,8.3386,5571
1788267600000,8.3386,8.3494,7.7072,7.959,5209
1788271200000,7.959,8.6928,7.9264,8.6384,6455
1788274800000,8.6384,9.1186,8.4965,8.6855,6579
1788278400000,8.6855,8.7828,8.216,8.723,5646
1788282000000,8.723,8.9651,8.5744,8.79,4716
1788285600000,8.79,8.8004,8.3079,8.5385,4779
1788289200000,8.5385,8.6889,8.3071,8.4253,4978
1788292800000,8.4253,8.4768,8.2215,8.3983,3931
1788296400000,8.3983,8.4268,8.2623,8.286,3847
1788300000000,8.286,8.2913,7.9752,8.1172,3913
1788303600000,8.1172,8.1402,8.0122,8.1333,3787
1788307200000,8.1333,8.1334,8.1333,8.1334,3676
1788310800000,8.1334,8.1334,8.1334,8.1334,3658
1788314400000,8.1334,8.1334,8.1334,8.1334,3759
1788318000000,8.1334,8.1334,8.1334,8.1334,3666
1788321600000,8.1334,8.1334,8.093,8.1178,3740
1788325200000,8.1178,8.1275,8.093,8.1026,3825
1788328800000,8.1026,8.1297,8.093,8.1297,3825
1788332400000,8.1297,8.1334,8.0949,8.1334,3800
1788336000000,8.1334,8.6631,8.093,8.237,4167
1788339600000,8.237,8.3833,8.201,8.246,3997
1788343200000,8.246,8.3009,8.0555,8.1021,3930
1788346800000,8.1021,8.4821,8.0501,8.2594,3934
1788350400000,8.2594,8.4236,8.2594,8.3255,3910
1788354000000,8.3255,8.3255,7.2161,7.3167,6058
1788357600000,7.3167,7.502,7.0774,7.1007,5733
1788361200000,7.1007,7.2951,6.9574,7.2023,5018
1788364800000,7.2023,7.2659,7.1246,7.2429,4854
1788368400000,7.2429,7.2459,7.0657,7.1712,4701
1788372000000,7.1712,7.3343,7.144,7.3302,4490
1788375600000,7.3302,7.5377,7.26,7.5319,4496
1788379200000,7.5319,7.5333,7.3601,7.3882,3799
1788382800000,7.3882,7.3965,7.3215,7.3459,3792
1788386400000,7.3459,7.3749,7.3124,7.3422,3731
1788390000000,7.3422,7.3715,7.3135,7.3165,3721
1788393600000,7.3165,7.3165,7.3164,7.3164,3705
1788397200000,7.3164,7.3164,7.3164,7.3164,3661
1788400800000,7.3164,7.3164,7.3164,7.3164,3656
1788404400000,7.3164,7.3164,7.3164,7.3164,3658
1788408000000,7.3164,7.3164,7.3164,7.3164,3662
1788411600000,7.3164,7.3164,7.3164,7.3164,3664
1788415200000,7.3164,7.3164,7.3164,7.3164,3666
1788418800000,7.3164,7.3164,7.3164,7.3164,3660
1788422400000,7.3164,7.7529,7.3164,7.6489,3982
1788426000000,7.6489,7.7032,7.4962,7.4962,3810
1788429600000,7.4962,7.5645,7.4193,7.4724,3973
1788433200000,7.4724,7.6466,7.4724,7.6466,3787
1788436800000,7.6466,8.0548,7.6368,7.9878,4307
1788440400000,7.9878,8.352,7.6178,7.9092,5594
1788444000000,7.9092,8.2717,7.5896,8.2508,6079
1788447600000,8.2508,8.3426,7.8563,8.1927,5455
1788451200000,8.1927,8.6715,8.1565,8.5274,5648
1788454800000,8.5274,8.9732,8.4923,8.7379,5017
1788458400000,8.7379,8.871,8.5914,8.6744,4697
1788462000000,8.6744,8.8505,8.6122,8.796,5028
1788465600000,8.796,8.8189,8.7206,8.7291,3848
1788469200000,8.7291,8.7985,8.6583,8.7244,3890
1788472800000,8.7244,8.7439,8.6583,8.6744,3962
1788476400000,8.6744,8.7573,8.6532,8.7063,3784
1788480000000,8.7063,8.7063,8.7063,8.7063,3705
1788483600000,8.7063,8.7063,8.7063,8.7063,3659
1788487200000,8.7063,8.7063,8.7063,8.7063,3657
1788490800000,8.7063,8.7063,8.7063,8.7063,3662
1788494400000,8.7063,8.7063,8.7063,8.7063,3667
1788498000000,8.7063,8.7063,8.7063,8.7063,3657
1788501600000,8.7063,8.7063,8.7063,8.7063,3668
1788505200000,8.7063,8.7063,8.7063,8.7063,3658
1788508800000,8.7063,8.7583,8.613,8.7022,3806
1788512400000,8.7022,8.8576,8.662,8.8566,3765
1788516000000,8.8566,8.8568,8.7493,8.7697,3693
1788519600000,8.7697,8.7697,8.6673,8.6865,3745
1788523200000,8.6865,8.6931,7.8722,7.8727,4337
1788526800000,7.8727,8.2499,7.8727,8.1806,5119
1788530400000,8.1806,8.1806,7.4618,7.4782,6003
1788534000000,7.4782,7.9087,7.4447,7.7749,5279
1788537600000,7.7749,7.9127,7.695,7.8983,4678
1788541200000,7.8983,7.9826,7.7748,7.8276,4619
1788544800000,7.8276,7.9079,7.7537,7.7984,4361
1788548400000,7.7984,7.9984,7.7371,7.9412,4684
1788552000000,7.9412,7.9861,7.9094,7.939,3904
1788555600000,7.939,7.9498,7.8728,7.8883,3906
1788559200000,7.8883,7.9271,7.8439,7.8971,3850
1788562800000,7.8971,7.9632,7.8912,7.9549,3806
1788566400000,7.9549,7.9549,7.8821,7.8821,3666
1788570000000,7.8821,7.8821,7.882,7.8821,3671
1788573600000,7.8821,7.8821,7.8819,7.882,3661
1788577200000,7.882,7.882,7.8819,7.882,3657
1788580800000,7.882,7.882,7.8819,7.882,3661
1788584400000,7.882,7.882,7.8819,7.882,3656
1788588000000,7.882,7.882,7.8819,7.882,3665
1788591600000,7.882,7.9217,7.8819,7.8831,3665
1788595200000,7.8831,7.8831,7.8821,7.8821,3665
1788598800000,7.8821,7.8821,7.882,7.882,3657
1788602400000,7.882,7.882,7.8819,7.882,3678
1788606000000,7.882,7.882,7.8819,7.882,3664
1788609600000,7.882,7.882,7.8819,7.882,3665
1788613200000,7.882,7.882,7.8819,7.882,3658
1788616800000,7.882,7.882,7.8819,7.882,3661
1788620400000,7.882,7.882,7.8819,7.882,3659
1788624000000,7.882,7.882,7.8819,7.882,3661
1788627600000,7.882,7.882,7.8819,7.882,3657
1788631200000,7.882,7.882,7.8819,7.882,3657
1788634800000,7.882,7.882,7.8819,7.882,3657
1788638400000,7.882,7.882,7.8819,7.882,3659
1788642000000,7.882,7.882,7.8819,7.882,3657
1788645600000,7.882,7.882,7.8819,7.882,3658
1788649200000,7.882,7.882,7.8819,7.882,3656
1788652800000,7.882,7.882,7.8819,7.882,3657
1788656400000,7.882,7.9458,7.8819,7.9458,3674
1788660000000,7.9458,7.9613,7.9458,7.9613,3657
1788663600000,7.9613,7.9613,7.9613,7.9613,3656
1788667200000,7.9613,7.9613,7.9613,7.9613,3665
1788670800000,7.9613,7.9613,7.9613,7.9613,3660
1788674400000,7.9613,7.9613,7.9613,7.9613,3667
1788678000000,7.9613,7.9613,7.9613,7.9613,3658
1788681600000,7.9613,7.9613,7.9613,7.9613,3663
1788685200000,7.9613,7.9613,7.9613,7.9613,3658
1788688800000,7.9613,7.9613,7.9613,7.9613,3656
1788692400000,7.9613,7.9613,7.9613,7.9613,3568
1788696000000,7.9613,7.9613,7.9613,7.9613,3661
1788699600000,7.9613,7.9613,7.9613,7.9613,3676
1788703200000,7.9613,7.9613,7.9613,7.9613,3676
1788706800000,7.9613,7.9613,7.9613,7.9613,3690
1788710400000,7.9613,7.9613,7.9613,7.9613,3706
1788714000000,7.9613,7.9613,7.9613,7.9613,3658
1788717600000,7.9613,7.9613,7.9613,7.9613,3662
1788721200000,7.9613,7.9613,7.9613,7.9613,3658
1788724800000,7.9613,7.9613,7.9613,7.9613,3659
1788728400000,7.9613,7.9613,7.9613,7.9613,3658
1788732000000,7.9613,7.9613,7.9613,7.9613,3658
1788735600000,7.9613,7.9613,7.9613,7.9613,3658
1788739200000,7.9613,7.9613,7.9613,7.9613,3661
1788742800000,7.9613,7.9613,7.9613,7.9613,3658
1788746400000,7.9613,7.9613,7.9613,7.9613,3673
1788750000000,7.9613,7.9613,7.9613,7.9613,3751
1788753600000,7.9613,7.9613,7.9613,7.9613,3734
1788757200000,7.9613,7.9613,7.9613,7.9613,3735
1788760800000,7.9613,7.9613,7.9613,7.9613,3658
1788764400000,7.9613,7.9613,7.9613,7.9613,3666
1788768000000,7.9613,7.9613,7.9613,7.9613,3662
1788771600000,7.9613,7.9613,7.9613,7.9613,3658
1788775200000,7.9613,7.9613,7.9201,7.9201,3657
1788778800000,7.9201,7.9201,7.92,7.9201,3659
1788782400000,7.9201,7.9201,7.92,7.9201,3659
1788786000000,7.9201,7.9201,7.92,7.92,3659
1788789600000,7.92,7.92,7.9199,7.9199,3658
1788793200000,7.9199,7.9575,7.9199,7.9575,3659
1788796800000,7.9575,7.9613,7.9575,7.9613,3657
1788800400000,7.9613,7.9613,7.9613,7.9613,3659
1788804000000,7.9613,7.9613,7.9613,7.9613,3658
1788807600000,7.9613,7.9613,7.9613,7.9613,3658
1788811200000,7.9613,7.9613,7.9613,7.9613,3661
1788814800000,7.9613,7.9613,7.9613,7.9613,3659
1788818400000,7.9613,7.9613,7.9613,7.9613,3660
1788822000000,7.9613,7.9613,7.9613,7.9613,3657
1788825600000,7.9613,7.9613,7.9613,7.9613,3658
1788829200000,7.9613,7.9613,7.9613,7.9613,3659
1788832800000,7.9613,7.9613,7.9613,7.9613,3657
1788836400000,7.9613,7.9613,7.9613,7.9613,3657
1788840000000,7.9613,7.9613,7.9613,7.9613,3659
1788843600000,7.9613,7.9613,7.8902,7.8902,3658
1788847200000,7.8902,7.8902,7.8901,7.8902,3658
1788850800000,7.8902,7.9513,7.8901,7.9513,3668
1788854400000,7.9513,7.9517,7.6832,7.7463,3871
1788858000000,7.7463,7.8371,7.7438,7.8088,3952
1788861600000,7.8088,7.9415,7.7408,7.8403,4212
1788865200000,7.8403,7.8965,7.8255,7.8701,3965
1788868800000,7.8701,7.9075,7.729,7.8244,4017
1788872400000,7.8244,7.8666,7.1671,7.4729,4872
1788876000000,7.4729,7.757,7.4461,7.7346,5165
1788879600000,7.7346,8.1738,7.7168,7.997,4802
1788883200000,7.997,8.0719,7.8546,7.9648,4352
1788886800000,7.9648,7.9787,7.8168,7.8522,4247
1788890400000,7.8522,7.8545,7.7056,7.7111,3985
1788894000000,7.7111,7.7482,7.6059,7.6255,4572
1788897600000,7.6255,7.6409,7.5851,7.6376,3797
1788901200000,7.6376,7.6378,7.6127,7.6278,3716
1788904800000,7.6278,7.679,7.6278,7.6592,3777
1788908400000,7.6592,7.6592,7.5227,7.5227,3768
1788912000000,7.5227,7.5771,7.5227,7.5771,3696
1788915600000,7.5771,7.5771,7.5771,7.5771,3684
1788919200000,7.5771,7.5771,7.5771,7.5771,3679
1788922800000,7.5771,7.5771,7.5771,7.5771,3679
1788926400000,7.5771,7.5771,7.5771,7.5771,3680
1788930000000,7.5771,7.5771,7.5771,7.5771,3680
1788933600000,7.5771,7.5771,7.5771,7.5771,3678
1788937200000,7.5771,7.5771,7.5771,7.5771,3690
1788940800000,7.5771,8.138,7.5771,8.1014,3997
1788944400000,8.1014,8.1018,7.8145,7.8216,3914
1788948000000,7.8216,7.9103,7.8049,7.8347,4137
1788951600000,7.8347,7.8747,7.7935,7.8638,3983
1788955200000,7.8638,7.9655,7.8188,7.9368,3920
1788958800000,7.9368,8.4156,7.7999,7.9254,5184
1788962400000,7.9254,8.2636,7.6913,8.0888,5009
1788966000000,8.0888,8.1858,7.818,7.8501,4751
1788969600000,7.8501,7.8703,7.6749,7.7669,4273
1788973200000,7.7669,7.7669,7.5049,7.5753,4132
1788976800000,7.5753,7.5753,7.3011,7.3394,4246
1788980400000,7.3394,7.3515,7.0207,7.2948,4954
1788984000000,7.2948,7.4033,7.2948,7.3866,3837
1788987600000,7.3866,7.4067,7.2461,7.2748,3764
1788991200000,7.2748,7.3059,7.16,7.165,4023
1788994800000,7.165,7.165,7.0009,7.1138,3758
1788998400000,7.1138,7.1254,7.1138,7.1253,3695
1789002000000,7.1253,7.1254,7.1253,7.1253,3708
1789005600000,7.1253,7.1254,7.1253,7.1253,3693
1789009200000,7.1253,7.1254,7.1253,7.1253,3676
1789012800000,7.1253,7.1254,7.1253,7.1253,3687
1789016400000,7.1253,7.1254,7.1253,7.1253,3681
1789020000000,7.1253,7.1254,7.1253,7.1253,3680
1789023600000,7.1253,7.1254,7.1253,7.1253,3684
1789027200000,7.1253,7.3919,7.1253,7.2891,3706
1789030800000,7.2891,7.3313,7.24,7.3213,3693
1789034400000,7.3213,7.3213,7.2459,7.3027,3703
1789038000000,7.3027,7.3215,7.2549,7.2652,3709
1789041600000,7.2652,7.2665,6.9838,7.0066,3851
1789045200000,7.0066,7.1699,6.6943,7.1351,5011
1789048800000,7.1351,7.3325,6.92,7.051,5039
1789052400000,7.051,7.0766,6.8921,7.0011,4443
1789056000000,7.0011,7.0248,6.9197,6.9713,4277
1789059600000,6.9713,7.0098,6.8021,6.8037,4254
1789063200000,6.8037,6.8639,6.6456,6.7155,4430
1789066800000,6.7155,6.8137,6.6431,6.6764,4910
1789070400000,6.6764,6.8384,6.6622,6.8384,3812
1789074000000,6.8384,6.8455,6.7914,6.8098,3832
1789077600000,6.8098,6.8098,6.7615,6.7787,3818
1789081200000,6.7787,6.7997,6.7586,6.7642,3844
1789084800000,6.7642,6.7642,6.6969,6.6969,3709
1789088400000,6.6969,6.6969,6.6968,6.6968,3689
1789092000000,6.6968,6.6968,6.6968,6.6968,3688
1789095600000,6.6968,6.7355,6.6968,6.7355,3704
1789099200000,6.7355,6.7355,6.7355,6.7355,3674
1789102800000,6.7355,6.737,6.7355,6.737,3661
1789106400000,6.737,6.737,6.737,6.737,3656
1789110000000,6.737,6.7371,6.7349,6.737,3662
1789113600000,6.737,7.0312,6.737,7.0098,3885
1789117200000,7.0098,7.143,6.9376,6.9831,3861
1789120800000,6.9831,7.0149,6.9388,7.0064,3697
1789124400000,7.0064,7.0065,6.8634,6.9244,3787
1789128000000,6.9244,7.3077,6.8479,7.2371,4501
1789131600000,7.2371,7.2871,6.8939,7.2871,4943
1789135200000,7.2871,7.9324,7.2105,7.8224,5251
1789138800000,7.8224,7.8224,7.3851,7.4722,3915
1789142400000,7.4722,7.5028,7.2488,7.2774,4345
1789146000000,7.2774,7.3335,7.1543,7.1825,4177
1789149600000,7.1825,7.2845,7.0615,7.2845,4282
1789153200000,7.2845,7.2845,7.1482,7.2222,4681
1789156800000,7.2222,7.2853,7.1855,7.1882,3790
1789160400000,7.1882,7.2241,7.0962,7.1068,3758
1789164000000,7.1068,7.15,7.0359,7.0893,3862
1789167600000,7.0893,7.1245,7.045,7.045,3822
1789171200000,7.045,7.045,7.0246,7.0248,3692
1789174800000,7.0248,7.0248,7.0246,7.0246,3667
1789178400000,7.0246,7.0246,7.0245,7.0245,3658
1789182000000,7.0245,7.0245,7.0245,7.0245,3658
1789185600000,7.0245,7.0245,7.0245,7.0245,3664
1789189200000,7.0245,7.0245,7.0245,7.0245,3654
1789192800000,7.0245,7.0743,7.0245,7.0742,3663
1789196400000,7.0742,7.0743,7.0742,7.0743,3659
1789200000000,7.0743,7.0743,7.0743,7.0743,3659
1789203600000,7.0743,7.0743,7.0743,7.0743,3657
1789207200000,7.0743,7.0743,7.0743,7.0743,3658
1789210800000,7.0743,7.0743,7.0743,7.0743,3657
1789214400000,7.0743,7.0743,7.0743,7.0743,3661
1789218000000,7.0743,7.0743,7.0743,7.0743,3656
1789221600000,7.0743,7.0743,7.0743,7.0743,3659
1789225200000,7.0743,7.0743,7.0743,7.0743,3657
1789228800000,7.0743,7.0743,7.0743,7.0743,3658
1789232400000,7.0743,7.0743,7.0743,7.0743,3659
1789236000000,7.0743,7.0744,7.0743,7.0743,3657
1789239600000,7.0743,7.0744,7.0743,7.0743,3656
1789243200000,7.0743,7.0744,7.0743,7.0743,3659
1789246800000,7.0743,7.0743,7.0743,7.0743,3657
1789250400000,7.0743,7.0743,7.0743,7.0743,3656
1789254000000,7.0743,7.0743,7.0743,7.0743,3661
1789257600000,7.0743,7.0744,7.0743,7.0743,3657
1789261200000,7.0743,7.0744,7.0743,7.0743,3659
1789264800000,7.0743,7.0744,7.0743,7.0743,3658
1789268400000,7.0743,7.0744,7.0743,7.0743,3659
1789272000000,7.0743,7.0744,7.0743,7.0743,3659
1789275600000,7.0743,7.0744,7.0743,7.0743,3656
1789279200000,7.0743,7.0744,7.0743,7.0743,3657
1789282800000,7.0743,7.0743,7.0743,7.0743,3661
1789286400000,7.0743,7.0743,7.0743,7.0743,3658
1789290000000,7.0743,7.0743,7.0743,7.0743,3656
1789293600000,7.0743,7.0744,7.0743,7.0743,3657
1789297200000,7.0743,7.0743,7.0392,7.0743,3162
1789300800000,7.0743,7.0744,7.0743,7.0743,3668
1789304400000,7.0743,7.0743,7.0743,7.0743,3660
1789308000000,7.0743,7.0744,7.0743,7.0743,3658
1789311600000,7.0743,7.0744,7.0743,7.0743,3660
1789315200000,7.0743,7.0743,7.0743,7.0743,3658
1789318800000,7.0743,7.0743,7.0743,7.0743,3656
1789322400000,7.0743,7.0743,7.0743,7.0743,3659
1789326000000,7.0743,7.0744,7.0743,7.0743,3658
1789329600000,7.0743,7.0744,7.0743,7.0743,3659
1789333200000,7.0743,7.0744,7.0743,7.0743,3658
1789336800000,7.0743,7.0744,7.0743,7.0743,3658
1789340400000,7.0743,7.0744,7.0743,7.0743,3658
1789344000000,7.0743,7.0744,7.0743,7.0743,3659
1789347600000,7.0743,7.0744,7.0743,7.0743,3661
1789351200000,7.0743,7.0743,7.0743,7.0743,3659
1789354800000,7.0743,7.0743,7.0743,7.0743,3662
1789358400000,7.0743,7.0743,7.0743,7.0743,3660
1789362000000,7.0743,7.0744,7.0743,7.0743,3659
1789365600000,7.0743,7.0743,7.0743,7.0743,3662
1789369200000,7.0743,7.0744,7.0743,7.0743,3665
1789372800000,7.0743,7.2234,7.0701,7.1911,3740
1789376400000,7.1911,7.279,7.1135,7.2455,3712
1789380000000,7.2455,7.315,7.2208,7.2502,3710
1789383600000,7.2502,7.2982,7.1849,7.2934,3738
1789387200000,7.2934,7.2934,7.1299,7.1814,3726
1789390800000,7.1814,7.2238,6.79,7.04,4495
1789394400000,7.04,7.1799,6.9405,7.0876,6674
1789398000000,7.0876,7.4,7.0455,7.3236,5982
1789401600000,7.3236,7.4717,7.2195,7.4199,6804
1789405200000,7.4199,7.4495,7.3749,7.3973,5767
1789408800000,7.3973,7.4158,7.3095,7.3751,6019
1789412400000,7.3751,7.5034,7.2261,7.4408,6685
1789416000000,7.4408,7.485,7.3181,7.4404,4815
1789419600000,7.4404,7.442,7.3244,7.3497,3897
1789423200000,7.3497,7.381,7.2401,7.331,4929
1789426800000,7.331,7.376,7.2809,7.3444,3752
1789430400000,7.3444,7.3444,7.2807,7.2808,3663
1789434000000,7.2808,7.2808,7.2806,7.2807,3657
1789437600000,7.2807,7.2807,7.2806,7.2807,3657
1789441200000,7.2807,7.2807,7.2806,7.2807,3657
1789444800000,7.2807,7.3209,7.2807,7.3037,3671
1789448400000,7.3037,7.3037,7.2983,7.2983,3662
1789452000000,7.2983,7.2983,7.2982,7.2982,3658
1789455600000,7.2982,7.2982,7.2977,7.2977,3660
1789459200000,7.2977,7.3173,7.0367,7.0998,4415
1789462800000,7.0998,7.1801,7.0748,7.1517,4113
1789466400000,7.1517,7.2203,7.12,7.1674,4257
1789470000000,7.1674,7.24,7.144,7.205,4509
1789473600000,7.205,7.2528,7.1849,7.2283,4383
1789477200000,7.2283,7.2413,6.6473,6.6646,5195
1789480800000,6.6646,6.6952,6.2669,6.2785,5310
1789484400000,6.2785,6.4789,6.2759,6.3682,4673
1789488000000,6.3682,6.4325,6.2888,6.4044,4158
1789491600000,6.4044,6.5134,6.3099,6.4302,4409
1789495200000,6.4302,6.58,5.9349,6.3269,6367
1789498800000,6.3269,6.4002,6.0283,6.11,5818
1789502400000,6.11,6.2369,6.097,6.112,3923
1789506000000,6.112,6.1245,5.665,5.8743,4613
1789509600000,5.8743,5.9055,5.7069,5.7069,4373
1789513200000,5.7069,5.8769,5.6979,5.737,3923
1789516800000,5.737,5.7927,5.737,5.7927,3677
1789520400000,5.7927,5.7927,5.7927,5.7927,3659
1789524000000,5.7927,5.7927,5.7927,5.7927,3666
1789527600000,5.7927,5.7927,5.7927,5.7927,3660
1789531200000,5.7927,5.7927,5.7927,5.7927,3657
1789534800000,5.7927,5.7928,5.7927,5.7927,3668
1789538400000,5.7927,5.7928,5.7927,5.7927,3657
1789542000000,5.7927,5.7928,5.7927,5.7927,3671
1789545600000,5.7927,5.9939,5.7927,5.9426,3785
1789549200000,5.9426,6.0599,5.8741,6.0599,3747
1789552800000,6.0599,6.0726,5.9779,6.0577,3712
1789556400000,6.0577,6.1184,5.9835,6.1179,3808
1789560000000,6.1179,6.21,6.0899,6.1109,3824
1789563600000,6.1109,6.2049,5.9563,6.0168,4631
1789567200000,6.0168,6.0721,5.856,6.0576,4980
1789570800000,6.0576,6.0741,5.9498,6.0019,4211
1789574400000,6.0019,6.0098,5.9041,5.9204,4044
1789578000000,5.9204,5.961,5.8905,5.9561,4040
1789581600000,5.9561,6.1757,5.9243,5.9597,5547
1789585200000,5.9597,6.2529,5.8901,6.2223,5227
1789588800000,6.2223,6.2534,6.1407,6.2344,3760
1789592400000,6.2344,6.25,6.1858,6.2237,3705
1789596000000,6.2237,6.2384,6.1564,6.1798,3748
1789599600000,6.1798,6.2082,6.1438,6.1828,3736
1789603200000,6.1828,6.2442,6.1828,6.2442,3667
1789606800000,6.2442,6.2442,6.2442,6.2442,3661
1789610400000,6.2442,6.2442,6.2442,6.2442,3660
1789614000000,6.2442,6.2442,6.2442,6.2442,3658
1789617600000,6.2442,6.2442,6.2442,6.2442,3661
1789621200000,6.2442,6.2442,6.2442,6.2442,3664
1789624800000,6.2442,6.2442,6.2442,6.2442,3664
1789628400000,6.2442,6.2442,6.2442,6.2442,3669
1789632000000,6.2442,6.5099,6.2442,6.475,3821
1789635600000,6.475,6.5022,6.4298,6.442,3689
1789639200000,6.442,6.4549,6.4104,6.4338,3764
1789642800000,6.4338,6.4501,6.3052,6.3801,3879
1789646400000,6.3801,6.6463,5.9699,6.5497,4247
1789650000000,6.5497,7.492,6.3927,7.4444,4714
1789653600000,7.4444,9.4302,7.439,8.7202,12512
1789657200000,8.7202,8.7644,8.3108,8.3527,6370
1789660800000,8.3527,8.4062,8.0547,8.2435,6081
1789664400000,8.2435,8.4181,8.1884,8.2623,4467
1789668000000,8.2623,8.2762,8.0926,8.1739,4279
1789671600000,8.1739,8.189,7.6292,7.6512,4766
1789675200000,7.6512,8.0646,7.6512,8.0122,3820
1789678800000,8.0122,8.2417,8,8.1493,3880
1789682400000,8.1493,8.199,8.0553,8.0701,3817
1789686000000,8.0701,8.3375,8.0686,8.3012,3834
1789689600000,8.3012,8.3012,8.2989,8.299,3663
1789693200000,8.299,8.299,8.2988,8.2989,3682
1789696800000,8.2989,8.2989,8.2988,8.2989,3665
1789700400000,8.2989,8.3823,8.2988,8.3823,3739
1789704000000,8.3823,8.3824,8.3823,8.3824,3682
1789707600000,8.3824,8.3824,8.3824,8.3824,3665
1789711200000,8.3824,8.3824,8.3824,8.3824,3666
1789714800000,8.3824,8.3824,8.3824,8.3824,3675
1789718400000,8.3824,9.1783,8.3407,9.163,5272
1789722000000,9.163,9.384,8.9153,9.042,5094
1789725600000,9.042,9.0434,8.7578,8.9203,4315
1789729200000,8.9203,9.1211,8.8555,9.0456,4288
1789732800000,9.0456,9.993,8.9616,9.8026,5280
1789736400000,9.8026,9.8327,8.6211,8.8057,6829
1789740000000,8.8057,8.8727,8.5199,8.6615,5152
1789743600000,8.6615,8.8262,8.5725,8.6132,4585
1789747200000,8.6132,8.8574,8.5926,8.7319,5011
1789750800000,8.7319,9.8171,8.5305,9.794,5415
1789754400000,9.794,10.392,9.6051,10.0919,6493
1789758000000,10.0919,10.4713,10.0764,10.1755,6678
1789761600000,10.1755,10.3043,10.0117,10.1116,3934
1789765200000,10.1116,10.4616,10.0996,10.1971,3925
1789768800000,10.1971,10.1971,10.0247,10.0483,3810
1789772400000,10.0483,10.2397,10.0444,10.1419,3787
1789776000000,10.1419,10.239,10.1401,10.239,3672
1789779600000,10.239,10.2419,10.239,10.2419,3657
1789783200000,10.2419,10.2419,10.2419,10.2419,3667
1789786800000,10.2419,10.2419,10.2419,10.2419,3664
1789790400000,10.2419,10.2419,10.2419,10.2419,3661
1789794000000,10.2419,10.2419,10.2419,10.2419,3661
1789797600000,10.2419,10.2419,10.2419,10.2419,3660
1789801200000,10.2419,10.2419,10.2419,10.2419,3662
1789804800000,10.2419,10.2419,10.2419,10.2419,3668
1789808400000,10.2419,10.2419,10.2419,10.2419,3668
1789812000000,10.2419,10.2419,10.2419,10.2419,3669
1789815600000,10.2419,10.2419,10.2419,10.2419,3659
1789819200000,10.2419,10.2419,10.2419,10.2419,3659
1789822800000,10.2419,10.2419,10.2419,10.2419,3729
1789826400000,10.2419,10.2419,10.2419,10.2419,3863
1789830000000,10.2419,10.2419,10.2419,10.2419,5394
1789833600000,10.2419,10.2419,10.2419,10.2419,4695
1789837200000,10.2419,10.2419,10.2419,10.2419,4012
1789840800000,10.2419,12.7288,10.2419,12.7288,5394
1789844400000,12.7288,14.2674,12.7288,13.7111,6422
1789848000000,13.7111,13.7248,13.1481,13.439,3855
1789851600000,13.439,13.458,13.0665,13.2091,3761
1789855200000,13.2091,13.3993,13.2091,13.2748,3717
1789858800000,13.2748,13.6615,13.2589,13.6615,3704
1789862400000,13.6615,13.9007,13.2965,13.9007,3691
1789866000000,13.9007,13.9044,13.5116,13.8218,3715
1789869600000,13.8218,13.8398,13.4691,13.5537,3694
1789873200000,13.5537,13.5673,13.0303,13.3027,3673
1789876800000,13.3027,13.3696,13.3027,13.3696,3682
1789880400000,13.3696,13.3823,13.2919,13.2919,3694
1789884000000,13.2919,13.6546,13.2913,13.6546,3685
1789887600000,13.6546,13.6547,13.6048,13.6048,3663
1789891200000,13.6048,13.61,13.6047,13.61,3676
1789894800000,13.61,13.61,13.61,13.61,3657
1789898400000,13.61,13.61,13.61,13.61,3668
1789902000000,13.61,13.6123,13.57,13.57,3396
1789905600000,13.57,13.5875,13.5675,13.5875,3666
1789909200000,13.5875,13.5878,13.5875,13.5878,3667
1789912800000,13.5878,13.5878,13.5878,13.5878,3661
1789916400000,13.5878,13.5878,13.5878,13.5878,3661
1789920000000,13.5878,13.5906,13.5878,13.5899,3673
1789923600000,13.5899,14.2674,13.5899,14.2674,3725
1789927200000,14.2674,14.3311,13.8853,13.8853,3695
1789930800000,13.8853,13.904,13.883,13.9039,3661
1789934400000,13.9039,14.2674,13.9039,14.2674,3703
1789938000000,14.2674,14.2674,14.1335,14.14,3700
1789941600000,14.14,14.14,13.7566,13.9344,3729
1789945200000,13.9344,13.9344,13.8765,13.9099,3714
1789948800000,13.9099,13.9099,12.2149,12.9089,4114
1789952400000,12.9089,12.9447,12.8304,12.8335,3674
1789956000000,12.8335,12.8335,12.8292,12.8335,3664
1789959600000,12.8335,12.8335,12.7188,12.7188,3665
1789963200000,12.7188,12.7592,12.6423,12.6423,3670
1789966800000,12.6423,12.6434,12.44,12.5099,3669
1789970400000,12.5099,12.5147,12.5099,12.5147,3666
1789974000000,12.5147,13.1484,12.5147,13.1412,3690
1789977600000,13.1412,13.1548,11.6563,12.2579,4753
1789981200000,12.2579,12.7347,12.2579,12.2727,4449
1789984800000,12.2727,12.5274,12.2599,12.2911,4057
1789988400000,12.2911,13.8056,12.1803,13.1255,6344
1789992000000,13.1255,13.3706,13.1016,13.1602,5344
1789995600000,13.1602,13.5322,12.3161,12.3613,7267
1789999200000,12.3613,13.1827,12.2919,12.8135,6587
1790002800000,12.8135,13.2846,12.8135,13.0198,6175
1790006400000,13.0198,13.586,12.955,13.3817,6205
1790010000000,13.3817,13.4068,12.8848,12.9696,4964
1790013600000,12.9696,13.0594,12.8142,12.9394,4587
1790017200000,12.9394,13.1844,12.4477,12.6878,5354
1790020800000,12.6878,13.4798,12.6878,13.335,4053
1790024400000,13.335,13.3371,12.8931,12.8957,4042
1790028000000,12.8957,12.9583,12.8536,12.9583,4296
1790031600000,12.9583,13.0772,12.9264,13.0663,3937
1790035200000,13.0663,13.4297,12.9962,13.3509,3710
1790038800000,13.3509,13.3549,13.3509,13.353,3659
1790042400000,13.353,13.353,13.3478,13.3478,3663
1790046000000,13.3478,13.3478,13.2479,13.2489,3664
1790049600000,13.2489,13.2489,13.2241,13.2241,3678
1790053200000,13.2241,13.2241,12.8498,12.8548,3670
1790056800000,12.8548,12.9772,12.8412,12.9694,3738
1790060400000,12.9694,13.0967,12.9694,13.0368,3795
1790064000000,13.0368,13.6615,13.0363,13.5915,4309
1790067600000,13.5915,13.9985,13.4402,13.9659,4614
1790071200000,13.9659,14.2408,13.7695,14.0582,5362
1790074800000,14.0582,14.0583,13.563,13.7613,4050
1790078400000,13.7613,13.8822,13.6191,13.8822,3909
1790082000000,13.8822,14.2033,13.014,13.14,8759
1790085600000,13.14,13.5106,12.98,13.1811,6199
1790089200000,13.1811,13.8733,13.1811,13.7077,5777
1790092800000,13.7077,13.7077,13.3517,13.5322,4707
1790096400000,13.5322,13.7275,13.5222,13.6829,4674
1790100000000,13.6829,13.883,13.4527,13.8282,4333
1790103600000,13.8282,13.8685,13.4577,13.5526,5141
1790107200000,13.5526,14.2866,13.5526,14.1578,3786
1790110800000,14.1578,14.1735,13.9875,13.9875,3854
1790114400000,13.9875,14.1873,13.8425,14.1873,4560
1790118000000,14.1873,14.348,14.0762,14.1881,4673
1790121600000,14.1881,14.2127,14.0907,14.0907,3788
1790125200000,14.0907,14.1889,14.0889,14.1889,3772
1790128800000,14.1889,14.3447,14.1889,14.2565,3794
1790132400000,14.2565,14.4972,14.2565,14.4972,3776
1790136000000,14.4972,15.2741,14.4355,15.0439,3826
1790139600000,15.0439,15.596,14.7919,14.7919,3840
1790143200000,14.7919,15.163,14.7754,15.1566,4114
1790146800000,15.1566,15.1663,14.9699,15.1154,3819
1790150400000,15.1154,15.1305,14.6131,14.6131,3975
1790154000000,14.6131,14.8786,14.592,14.8786,3935
1790157600000,14.8786,14.8788,14.5496,14.5496,3988
1790161200000,14.5496,14.553,14.1092,14.4274,4045
1790164800000,14.4274,14.43,14.391,14.3931,4070
1790168400000,14.3931,14.3931,13.1875,13.4647,4883
1790172000000,13.4647,13.6221,13.1862,13.432,5349
1790175600000,13.432,13.4715,12.6744,12.7592,4984
1790179200000,12.7592,12.889,12.6635,12.7482,4789
1790182800000,12.7482,12.8586,12.6732,12.8186,4290
1790186400000,12.8186,13.0891,12.7437,12.9744,4389
1790190000000,12.9744,13.0796,12.7842,12.9242,4472
1790193600000,12.9242,13.1215,12.9242,13.0794,3878
1790197200000,13.0794,13.0867,13.0428,13.0865,3824
1790200800000,13.0865,13.208,13.0045,13.0153,4473
1790204400000,13.0153,13.064,13.0093,13.064,3851
1790208000000,13.064,13.1999,12.9996,13.15,3801
1790211600000,13.15,13.3329,13.1449,13.3329,3839
1790215200000,13.3329,13.3333,13.2082,13.2082,3780
1790218800000,13.2082,13.2082,13.1263,13.1263,3775
1790222400000,13.1263,13.128,13.1234,13.1234,3780
1790226000000,13.1234,13.2897,13.0825,13.1914,3826
1790229600000,13.1914,13.2525,13.1914,13.2525,3785
1790233200000,13.2525,13.3427,13.2525,13.3389,3794
1790236800000,13.3389,13.3389,13.3205,13.3205,4032
1790240400000,13.3205,13.3205,13.1948,13.1948,3902
1790244000000,13.1948,13.27,13.002,13.002,4050
1790247600000,13.002,13.002,12.953,12.9901,3936
1790251200000,12.9901,12.9901,12.9344,12.9344,3916
1790254800000,12.9344,14.085,12.7253,13.6733,4319
1790258400000,13.6733,15.47,13.6473,14.1638,4309
1790262000000,14.1638,14.37,13.8906,14.2295,4058
1790265600000,14.2295,14.7362,14.1561,14.49,4088
1790269200000,14.49,14.5883,14.2509,14.3159,3745
1790272800000,14.3159,14.639,14.1114,14.115,3724
1790276400000,14.115,14.4164,14.0107,14.2549,3697
1790280000000,14.2549,14.5298,14.0152,14.1976,3666
1790283600000,14.1976,14.2687,14.1976,14.2655,3657
1790287200000,14.2655,14.559,14.2655,14.426,3665
1790290800000,14.426,14.6516,14.3321,14.6516,3661
1790294400000,14.6516,14.6521,14.6516,14.6521,3660
1790298000000,14.6521,14.7437,14.6521,14.7437,3659
1790301600000,14.7437,15.1796,14.7437,15.1796,3669
1790305200000,15.1796,15.6111,15.1796,15.2754,3674
1790308800000,15.2754,15.2754,14.9018,14.9018,3671
1790312400000,14.9018,14.9018,14.9003,14.9004,3662
1790316000000,14.9004,14.9004,14.8998,14.9004,3664
1790319600000,14.9004,14.9235,14.6218,14.9235,3673
1790323200000,14.9235,15.0134,14.6943,15.0036,3684
1790326800000,15.0036,15.0178,14.9939,15.0116,3689
1790330400000,15.0116,15.2977,15.0023,15.2478,3704
1790334000000,15.2478,16.0445,15.2179,15.98,3767
1790337600000,15.98,16.1739,15.6785,15.7255,3709
1790341200000,15.7255,15.8049,14.4038,14.9032,3875
1790344800000,14.9032,15.3854,14.6384,15.2858,3728
1790348400000,15.2858,15.7649,14.9045,15.2196,3720
1790352000000,15.2196,16.9576,15.1699,16.8082,3867
1790355600000,16.8082,17.2342,16.6705,17.2047,3766
1790359200000,17.2047,17.5107,17.012,17.3096,3695
1790362800000,17.3096,17.381,17.1208,17.3262,3683
1790366400000,17.3262,17.6451,17.3262,17.6408,3669
1790370000000,17.6408,17.6421,17.2881,17.2898,3680
1790373600000,17.2898,17.3682,17.275,17.3682,3656
1790377200000,17.3682,17.8903,17.3682,17.8903,3657
1790380800000,17.8903,17.8904,17.5031,17.5031,3659
1790384400000,17.5031,17.5031,17.5,17.5,3660
1790388000000,17.5,17.5,17.5,17.5,3656
1790391600000,17.5,17.5357,17.5,17.5041,3665
1790395200000,17.5041,17.5041,17.5,17.5,3661
1790398800000,17.5,17.5855,17.4998,17.4998,3667
1790402400000,17.4998,17.5509,17.4998,17.5509,3665
1790406000000,17.5509,17.557,17.5442,17.5569,3661
1790409600000,17.5569,17.5569,17.414,17.5234,3664
1790413200000,17.5234,17.756,17.5233,17.7546,3681
1790416800000,17.7546,17.7655,17.7546,17.7655,3663
1790420400000,17.7655,17.837,17.7655,17.837,3669
1790424000000,17.837,17.8431,17.7749,17.7749,3662
1790427600000,17.7749,17.7749,17.7749,17.7749,3671
1790431200000,17.7749,17.775,17.7749,17.775,3662
1790434800000,17.775,17.775,17.7749,17.775,3672
1790438400000,17.775,17.775,17.775,17.775,3660
1790442000000,17.775,17.775,17.775,17.775,3659
1790445600000,17.775,17.775,17.775,17.775,3657
1790449200000,17.775,17.775,17.7749,17.7749,3659
1790452800000,17.7749,17.7749,17.7518,17.7518,3663
1790456400000,17.7518,17.7518,17.7497,17.7497,3658
1790460000000,17.7497,17.7497,17.7497,17.7497,3659
1790463600000,17.7497,17.7497,17.7495,17.7495,3657
1790467200000,17.7495,17.8863,17.7495,17.8863,3659
1790470800000,17.8863,17.8863,17.8863,17.8863,3657
1790474400000,17.8863,17.8863,17.8863,17.8863,3657
1790478000000,17.8863,17.8863,17.8863,17.8863,3654
1790481600000,17.8863,17.8863,17.8863,17.8863,3661
1790485200000,17.8863,17.8863,17.8863,17.8863,3656
1790488800000,17.8863,17.8863,17.8863,17.8863,3655
1790492400000,17.8863,17.8863,17.8862,17.8862,3659
1790496000000,17.8862,17.8874,17.8862,17.8874,3658
1790499600000,17.8874,17.8874,17.8874,17.8874,3672
1790503200000,17.8874,17.8874,17.8874,17.8874,3657
1790506800000,17.8874,17.8874,17.8125,17.8125,3662
1790510400000,17.8125,17.8126,17.8124,17.8124,3658
1790514000000,17.8124,17.8241,17.8124,17.8241,3659
1790517600000,17.8241,17.8241,17.8184,17.8221,3662
1790521200000,17.8221,17.8241,17.8221,17.8241,3660
1790524800000,17.8241,17.8241,17.8241,17.8241,3659
1790528400000,17.8241,17.8241,17.8241,17.8241,3656
1790532000000,17.8241,17.8241,17.8241,17.8241,3658
1790535600000,17.8241,17.8267,17.8241,17.8267,3658
1790539200000,17.8267,17.8267,17.8241,17.8241,3657
1790542800000,17.8241,17.8241,17.8241,17.8241,3657
1790546400000,17.8241,17.9529,17.802,17.9529,3690
1790550000000,17.9529,17.9529,17.9529,17.9529,3657
1790553600000,17.9529,22.5666,17.9529,19.2745,4978
1790557200000,19.2745,19.3646,19.2745,19.3541,3663
1790560800000,19.3541,19.3541,19.3537,19.3537,3662
1790564400000,19.3537,19.3537,19.3536,19.3536,3663
1790568000000,19.3536,19.3537,18.7923,18.7923,3671
1790571600000,18.7923,18.8087,18.4013,18.4013,3709
1790575200000,18.4013,18.4013,17.7943,17.8039,3766
1790578800000,17.8039,17.8055,17.8014,17.8046,3664
1790582400000,17.8046,17.8046,17.1894,17.1894,3729
1790586000000,17.1894,17.1894,16.6888,16.9443,3837
1790589600000,16.9443,16.9443,16.8205,16.8275,3668
1790593200000,16.8275,16.856,16.7548,16.7988,3703
1790596800000,16.7988,17.1422,16.7988,17.142,3719
1790600400000,17.142,17.1435,16.5149,16.7679,3692
1790604000000,16.7679,16.8776,16.1573,16.5218,3722
1790607600000,16.5218,16.5218,16.0266,16.3864,3687
1790611200000,16.3864,16.4058,15.9701,16.1907,3703
1790614800000,16.1907,16.3205,15.9196,16.0797,3667
1790618400000,16.0797,16.1249,15.9397,16.0097,3663
1790622000000,16.0097,16.0248,15.6032,15.6329,3674
1790625600000,15.6329,15.806,15.6329,15.767,3681
1790629200000,15.767,15.767,15.5345,15.57,3694
1790632800000,15.57,15.5951,15.57,15.5873,3657
1790636400000,15.5873,15.5873,15.5873,15.5873,3660
1790640000000,15.5873,15.6653,15.5677,15.5677,3679
1790643600000,15.5677,15.5677,15.5677,15.5677,3664
1790647200000,15.5677,15.5677,15.4386,15.4386,3661
1790650800000,15.4386,15.4405,15.4386,15.4405,3658
1790654400000,15.4405,15.4405,15.4405,15.4405,3663
1790658000000,15.4405,15.4405,15.4359,15.4359,3659
1790661600000,15.4359,15.436,15.4359,15.436,3664
1790665200000,15.436,15.436,15.4079,15.4079,3674
1790668800000,15.4079,16.1443,15.3991,16.1283,3716
1790672400000,16.1283,16.1283,16.091,16.091,3674
1790676000000,16.091,16.091,15.2669,15.2669,3705
1790679600000,15.2669,15.3379,15.2549,15.3379,3682
1790683200000,15.3379,15.8308,15.2442,15.7276,4226
1790686800000,15.7276,16.3246,15.5699,16.1167,3738
1790690400000,16.1167,16.2893,14.6163,14.6308,3922
1790694000000,14.6308,14.6964,14.1234,14.2504,4476
1790697600000,14.2504,14.6288,14.2008,14.274,3771
1790701200000,14.274,14.423,14.1682,14.2733,3708
1790704800000,14.2733,14.7367,14.2733,14.7222,3760
1790708400000,14.7222,15.3103,14.6973,15.2492,3705
1790712000000,15.2492,15.2516,14.1266,15.0176,3664
1790715600000,15.0176,15.0179,15.001,15.0179,3676
1790719200000,15.0179,15.5317,15.0179,15.5023,3660
1790722800000,15.5023,15.9551,15.5023,15.9551,3671
1790726400000,15.9551,15.9831,15.9551,15.9831,3674
1790730000000,15.9831,16.0956,15.9831,16.0956,3667
1790733600000,16.0956,16.124,16.0854,16.0854,3659
1790737200000,16.0854,16.1402,16.0838,16.1402,3664
1790740800000,16.1402,16.1402,14.4852,14.4852,3658
1790744400000,14.4852,14.4852,14.2602,14.2602,3666
1790748000000,14.2602,14.2602,14.248,14.25,3660
1790751600000,14.25,14.2515,14.25,14.25,3668
1790755200000,14.25,14.3605,14.2431,14.26,3716
1790758800000,14.26,15.8866,14.25,15.6736,5017
1790762400000,15.6736,16.3243,15.4297,15.4763,3985
1790766000000,15.4763,15.8971,14.848,15.1476,3767
1790769600000,15.1476,15.9727,15.1401,15.5358,4427
1790773200000,15.5358,17.9759,15.3161,17.8755,7286
1790776800000,17.8755,17.9254,16.0711,16.4473,6952
1790780400000,16.4473,16.622,16.2126,16.3925,4395
1790784000000,16.3925,16.7671,16.3125,16.6213,4345
1790787600000,16.6213,16.6213,16.1474,16.3178,4085
1790791200000,16.3178,16.3329,16.0132,16.2684,4041
1790794800000,16.2684,16.3235,15.9542,16.0117,4274
1790798400000,16.0117,16.0143,15.9473,15.9473,3737
1790802000000,15.9473,15.9473,15.9376,15.9376,3718
1790805600000,15.9376,15.9376,15.9363,15.9363,3700
1790809200000,15.9363,15.9363,15.9361,15.9361,3739
1790812800000,15.9361,15.9361,15.9361,15.9361,3666
1790816400000,15.9361,15.9361,15.9361,15.9361,3657
1790820000000,15.9361,15.9361,15.9361,15.9361,3660
1790823600000,15.9361,15.9361,15.9361,15.9361,3659
1790827200000,15.9361,15.9361,15.9361,15.9361,3661
1790830800000,15.9361,15.9361,15.9361,15.9361,3656
1790834400000,15.9361,16.0949,15.9361,16.0949,3665
1790838000000,16.0949,16.0954,15.9363,15.9363,3666
1790841600000,15.9363,15.9363,15.9362,15.9362,3889
1790845200000,15.9362,15.9362,15.8831,15.8831,6365
1790848800000,15.8831,15.8854,15.3287,15.4424,14269
1790852400000,15.4424,15.4424,15.281,15.281,3783
1790856000000,15.281,15.281,15.2578,15.2578,3763
1790859600000,15.2578,16.5271,15.2554,16.1475,4890
1790863200000,16.1475,16.2891,15.9691,15.9691,4733
1790866800000,15.9691,16.1396,15.6643,15.9748,4253
1790870400000,15.9748,16.0796,15.4666,15.5268,4198
1790874000000,15.5268,16.0207,15.5218,15.8504,4190
1790877600000,15.8504,15.8704,15.5811,15.6013,4121
1790881200000,15.6013,15.6615,15.4221,15.4496,4272
1790884800000,15.4496,15.4521,15.1527,15.1527,3740
1790888400000,15.1527,15.1782,15.1096,15.1096,3725
1790892000000,15.1096,15.5039,14.3273,14.7745,8356
1790895600000,14.7745,14.7745,14.5478,14.5852,3770
1790899200000,14.5852,14.5852,14.5515,14.5515,3665
1790902800000,14.5515,14.5515,14.4739,14.5463,3663
1790906400000,14.5463,14.5466,14.5462,14.5462,3666
1790910000000,14.5462,14.5462,14.5462,14.5462,3661
1790913600000,14.5462,14.5462,14.5462,14.5462,3663
1790917200000,14.5462,14.5462,14.5462,14.5462,3660
1790920800000,14.5462,14.5462,14.5462,14.5462,3659
1790924400000,14.5462,14.5462,14.5462,14.5462,3669
1790928000000,14.5462,14.5462,14.5462,14.5462,3888
1790931600000,14.5462,14.5462,14.5462,14.5462,3776
1790935200000,14.5462,14.5462,14.5462,14.5462,3714
1790938800000,14.5462,14.5462,14.5462,14.5462,3720
1790942400000,14.5462,14.5462,14.5462,14.5462,3885
1790946000000,14.5462,15.2512,14.3447,14.4296,4731
1790949600000,14.4296,14.6721,14.2945,14.3363,4592
1790953200000,14.3363,14.3939,14.1433,14.2733,4411
1790956800000,14.2733,14.6173,14.2732,14.5519,4332
1790960400000,14.5519,14.557,14.2028,14.2279,4173
1790964000000,14.2279,14.2534,14.0441,14.0443,4222
1790967600000,14.0443,14.204,14.0192,14.089,4408
1790971200000,14.089,14.2036,14.0739,14.2036,3900
1790974800000,14.2036,14.2217,14.024,14.032,5201
1790978400000,14.032,14.0689,12.6743,13.5398,5745
1790982000000,13.5398,13.5983,13.5296,13.548,3821
1790985600000,13.548,13.548,13.4664,13.4664,3687
1790989200000,13.4664,13.4664,13.4655,13.4655,3656
1790992800000,13.4655,13.4655,13.4654,13.4654,3668
1790996400000,13.4654,13.4654,13.4654,13.4654,3661
1791000000000,13.4654,13.4654,13.4654,13.4654,3659
1791003600000,13.4654,13.4654,13.4654,13.4654,3657
1791007200000,13.4654,13.4654,13.4654,13.4654,3658
1791010800000,13.4654,13.4654,13.4653,13.4653,3659
1791014400000,13.4653,13.4653,13.4653,13.4653,3658
1791018000000,13.4653,13.4653,13.4653,13.4653,3658
1791021600000,13.4653,13.4653,13.4653,13.4653,3655
1791025200000,13.4653,13.4653,13.4653,13.4653,3658
1791028800000,13.4653,13.4653,13.4653,13.4653,3657
1791032400000,13.4653,13.4653,13.4653,13.4653,3658
1791036000000,13.4653,13.4653,13.4653,13.4653,3656
1791039600000,13.4653,13.4653,13.4653,13.4653,3655
1791043200000,13.4653,13.4653,13.4653,13.4653,3659
1791046800000,13.4653,13.4653,13.4653,13.4653,3657
1791050400000,13.4653,13.4653,13.4653,13.4653,3657
1791054000000,13.4653,13.4653,13.4653,13.4653,3657
1791057600000,13.4653,13.4653,13.4653,13.4653,3658
1791061200000,13.4653,13.533,13.4653,13.4657,3669
1791064800000,13.4657,13.4657,13.4654,13.4654,3657
1791068400000,13.4654,13.4654,13.4653,13.4653,3655
1791072000000,13.4653,13.4653,13.4653,13.4653,3656
1791075600000,13.4653,13.4653,13.4653,13.4653,3656
1791079200000,13.4653,13.4653,13.4653,13.4653,3658
1791082800000,13.4653,13.4653,13.4653,13.4653,3655
1791086400000,13.4653,13.4653,13.4653,13.4653,3660
1791090000000,13.4653,13.4653,13.4653,13.4653,3655
1791093600000,13.4653,13.4653,13.4653,13.4653,3656
1791097200000,13.4653,13.4653,13.4653,13.4653,3657
1791100800000,13.4653,13.4832,12.6673,12.9865,4600
1791104400000,12.9865,12.9969,12.6651,12.7523,4675
1791108000000,12.7523,12.7523,12.6651,12.7358,3790
1791111600000,12.7358,12.7358,12.685,12.72,3707
1791115200000,12.72,12.7288,12.72,12.7285,3760
1791118800000,12.7285,12.7285,12.7284,12.7284,3710
1791122400000,12.7284,12.7284,12.7284,12.7284,3670
1791126000000,12.7284,12.7284,12.6651,12.7281,3721
1791129600000,12.7281,12.7284,12.7281,12.7284,3676
1791133200000,12.7284,12.7284,12.7284,12.7284,3675
1791136800000,12.7284,13.2697,12.7284,13.2697,3675
1791140400000,13.2697,13.2698,13.2697,13.2698,3658
1791144000000,13.2698,13.2734,13.2698,13.2734,3659
1791147600000,13.2734,13.705,13.2698,13.705,3707
1791151200000,13.705,14.0879,13.6548,13.9153,6536
1791154800000,13.9153,13.9932,13.9153,13.9932,3672
1791158400000,13.9932,14.1442,13.9932,14.1442,3873
1791162000000,14.1442,14.1459,14.1442,14.1459,3699
1791165600000,14.1459,14.1461,14.1459,14.1461,3657
1791169200000,14.1461,14.1461,14.1461,14.1461,3658
1791172800000,14.1461,14.1461,14.1461,14.1461,3661
1791176400000,14.1461,14.1461,14.1461,14.1461,3697
1791180000000,14.1461,14.1461,14.1461,14.1461,3684
1791183600000,14.1461,14.1461,14.1461,14.1461,3668
1791187200000,14.1461,14.1461,14.0058,14.0058,3824
1791190800000,14.0058,14.0758,14.0055,14.0202,3713
1791194400000,14.0202,14.0758,13.6612,13.7705,3842
1791198000000,13.7705,13.779,13.6889,13.7199,3708
1791201600000,13.7199,14.1449,13.709,14.0768,3668
1791205200000,14.0768,14.48,13.5506,14.1096,4276
1791208800000,14.1096,14.2349,13.6751,13.7873,3829
1791212400000,13.7873,14.1838,13.6882,13.9699,3826
1791216000000,13.9699,14.13,13.8844,14.0385,3668
1791219600000,14.0385,14.1124,13.915,14.059,3672
1791223200000,14.059,14.4107,14.0494,14.2485,3661
1791226800000,14.2485,14.8415,14.2384,14.8391,3835
1791230400000,14.8391,14.8415,14.8391,14.8404,3793
1791234000000,14.8404,14.8404,14.8403,14.8403,3922
1791237600000,14.8403,14.8403,14.1109,14.1246,16273
1791241200000,14.1246,14.1999,13.8014,13.95,14896
1791244800000,13.95,13.95,13.7614,13.7614,4267
1791248400000,13.7614,14.1506,13.76,14.1506,4552
1791252000000,14.1506,14.1943,14.1506,14.1943,3996
1791255600000,14.1943,14.2062,14.1363,14.1508,3997
1791259200000,14.1508,14.3871,13.9933,14.3259,16505
1791262800000,14.3259,14.4802,14.0423,14.1146,7882
1791266400000,14.1146,14.1151,14.0455,14.0695,3999
1791270000000,14.0695,14.0717,13.9976,14.0687,4289
1791273600000,14.0687,14.0687,14.0219,14.029,4103
1791277200000,14.029,14.0651,14.0233,14.065,4030
1791280800000,14.065,14.065,14.0447,14.0447,3983
1791284400000,14.0447,14.0456,14.0445,14.0447,3995
1791288000000,14.0447,14.0612,14.0447,14.0612,4028
1791291600000,14.0612,15.0369,13.993,14.6741,4856
1791295200000,14.6741,14.7066,14.4117,14.6616,4551
1791298800000,14.6616,14.9813,14.5215,14.7009,4341
1791302400000,14.7009,14.7109,14.4469,14.4571,4467
1791306000000,14.4571,14.4772,14.1982,14.2632,4261
1791309600000,14.2632,14.2735,14.1684,14.2436,4170
1791313200000,14.2436,14.2934,14.1636,14.2734,4179
1791316800000,14.2734,14.2735,13.9945,13.9969,4090
1791320400000,13.9969,14.1449,13.9822,14.06,5354
1791324000000,14.06,14.1747,13.9716,14.0496,15319
1791327600000,14.0496,14.1382,13.8914,14.0074,17707
1791331200000,14.0074,14.0433,13.9974,13.998,5741
1791334800000,13.998,14.1537,13.9075,13.9075,11852
1791338400000,13.9075,13.9075,13.8459,13.8459,4070
1791342000000,13.8459,13.8459,13.8389,13.8389,4011
1791345600000,13.8389,13.8389,13.838,13.838,4011
1791349200000,13.838,13.838,13.8379,13.8379,4022
1791352800000,13.8379,13.8379,13.8379,13.8379,4012
1791356400000,13.8379,13.8379,13.8379,13.8379,4015
1791360000000,13.8379,13.9075,13.8379,13.8571,4079
1791363600000,13.8571,13.8592,13.8465,13.8592,4168
1791367200000,13.8592,13.9101,13.8592,13.91,4148
1791370800000,13.91,14.345,13.91,14.2738,4308
1791374400000,14.2738,14.2738,14.2733,14.2733,4782
1791378000000,14.2733,14.2733,13.048,13.2969,5917
1791381600000,13.2969,13.4375,13.1603,13.3629,5436
1791385200000,13.3629,13.4218,13.134,13.2006,5668
1791388800000,13.2006,13.2422,12.9054,12.9597,5450
1791392400000,12.9597,13.1548,12.7448,13.1445,5142
1791396000000,13.1445,13.7965,13.1293,13.706,5029
1791399600000,13.706,13.836,13.6213,13.7269,4832
1791403200000,13.7269,13.7792,13.726,13.726,4617
1791406800000,13.726,13.726,13.4359,13.4359,5962
1791410400000,13.4359,13.6191,13.4273,13.5748,15279
1791414000000,13.5748,13.6018,13.5181,13.5181,9987
1791417600000,13.5181,13.5181,13.4665,13.4665,5218
1791421200000,13.4665,13.5862,13.4598,13.4598,9342
1791424800000,13.4598,13.4598,13.4538,13.4538,4250
1791428400000,13.4538,13.5205,13.453,13.4656,4898
1791432000000,13.4656,13.5498,13.4546,13.4546,4423
1791435600000,13.4546,13.4546,13.453,13.453,4227
1791439200000,13.453,13.453,13.4529,13.4529,4293
1791442800000,13.4529,13.4529,13.4529,13.4529,4098
1791446400000,13.4529,13.4529,13.4529,13.4529,4444
1791450000000,13.4529,13.4529,13.4528,13.4528,4436
1791453600000,13.4528,13.4528,13.4528,13.4528,4477
1791457200000,13.4528,13.4528,13.4528,13.4528,4804
1791460800000,13.4528,13.4528,13.4528,13.4528,4931
1791464400000,13.4528,13.4528,12.4221,12.7272,6129
1791468000000,12.7272,12.7745,12.3635,12.4794,5402
1791471600000,12.4794,12.6166,12.2652,12.3002,6145
1791475200000,12.3002,12.4612,12.2447,12.264,7425
1791478800000,12.264,12.2995,12.0949,12.1775,5387
1791482400000,12.1775,12.9513,12.1468,12.7111,4837
1791486000000,12.7111,12.8413,12.5166,12.7265,5195
1791489600000,12.7265,12.7265,12.6405,12.6405,3980
1791493200000,12.6405,12.6405,12.5107,12.5122,5568
1791496800000,12.5122,12.5913,12.3876,12.4884,15523
1791500400000,12.4884,12.5719,12.4703,12.4703,4865
