timestamp,value,rate,direction
1787767200,0.00002385,0.0004,long
1787770800,0.00002418,0.0004,long
1787774400,0.00002462,0.0004,long
1787778000,0.00002457,0.0004,long
1787781600,0.00002461,0.0004,long
1787785200,0.00002463,0.0004,long
1787788800,0.00002463,0.0004,long
1787792400,0.00002463,0.0004,long
1787796000,0.00002463,0.0004,long
1787799600,0.00002463,0.0004,long
1787803200,0.00002468,0.0004,long
1787806800,0.00002470,0.0004,long
1787810400,0.00002470,0.0004,long
1787814000,0.00002470,0.0004,long
1787817600,0.00002471,0.0004,long
1787821200,0.00002498,0.0004,long
1787824800,0.00002511,0.0004,long
1787828400,0.00002537,0.0004,long
1787832000,0.00002542,0.0004,long
1787835600,0.00002531,0.0004,long
1787839200,0.00002527,0.0004,long
1787842800,0.00002787,0.0004,long
1787846400,0.00002956,0.0004,long
1787850000,0.00003048,0.0004,long
1787853600,0.00003134,0.0004,long
1787857200,0.00003116,0.0004,long
1787860800,0.00003174,0.0004,long
1787864400,0.00003160,0.0004,long
1787868000,0.00003120,0.0004,long
1787871600,0.00003112,0.0004,long
1787875200,0.00003105,0.0004,long
1787878800,0.00003104,0.0004,long
1787882400,0.00003110,0.0004,long
1787886000,0.00003111,0.0004,long
1787889600,0.00003100,0.0004,long
1787893200,0.00003086,0.0004,long
1787896800,0.00003025,0.0004,long
1787900400,0.00003053,0.0004,long
1787904000,0.00003073,0.0004,long
1787907600,0.00003104,0.0004,long
1787911200,0.00003108,0.0004,long
1787914800,0.00003112,0.0004,long
1787918400,0.00003123,0.0004,long
1787922000,0.00003068,0.0004,long
1787925600,0.00003026,0.0004,long
1787929200,0.00003146,0.0004,long
1787932800,0.00002967,0.0004,long
1787936400,0.00002882,0.0004,long
1787940000,0.00002854,0.0004,long
1787943600,0.00002787,0.0004,long
1787947200,0.00002709,0.0004,long
1787950800,0.00002702,0.0004,long
1787954400,0.00002692,0.0004,long
1787958000,0.00002690,0.0004,long
1787961600,0.00002689,0.0004,long
1787965200,0.00002679,0.0004,long
1787968800,0.00002678,0.0004,long
1787972400,0.00002678,0.0004,long
1787976000,0.00002678,0.0004,long
1787979600,0.00002678,0.0004,long
1787983200,0.00002678,0.0004,long
1787986800,0.00002678,0.0004,long
1787990400,0.00002678,0.0004,long
1787994000,0.00002678,0.0004,long
1787997600,0.00002678,0.0004,long
1788001200,0.00002678,0.0004,long
1788004800,0.00002678,0.0004,long
1788008400,0.00002678,0.0004,long
1788012000,0.00002678,0.0004,long
1788015600,0.00002678,0.0004,long
1788019200,0.00002678,0.0004,long
1788022800,0.00002678,0.0004,long
1788026400,0.00002677,0.0004,long
1788030000,0.00002677,0.0004,long
1788033600,0.00002677,0.0004,long
1788037200,0.00002677,0.0004,long
1788040800,0.00002677,0.0004,long
1788044400,0.00002677,0.0004,long
1788048000,0.00002677,0.0004,long
1788051600,0.00002677,0.0004,long
1788055200,0.00002677,0.0004,long
1788058800,0.00002677,0.0004,long
1788062400,0.00002677,0.0004,long
1788066000,0.00002677,0.0004,long
1788069600,0.00002677,0.0004,long
1788073200,0.00002677,0.0004,long
1788076800,0.00002677,0.0004,long
1788080400,0.00002677,0.0004,long
1788084000,0.00002677,0.0004,long
1788087600,0.00002677,0.0004,long
1788091200,0.00002677,0.0004,long
1788094800,0.00002677,0.0004,long
1788098400,0.00002677,0.0004,long
1788102000,0.00002677,0.0004,long
1788105600,0.00002677,0.0004,long
1788109200,0.00002677,0.0004,long
1788112800,0.00002677,0.0004,long
1788116400,0.00002677,0.0004,long
1788120000,0.00002677,0.0004,long
1788123600,0.00002677,0.0004,long
1788127200,0.00002677,0.0004,long
1788130800,0.00002677,0.0004,long
1788134400,0.00002677,0.0004,long
1788138000,0.00002677,0.0004,long
1788141600,0.00002677,0.0004,long
1788145200,0.00002677,0.0004,long
1788148800,0.00002677,0.0004,long
1788152400,0.00002677,0.0004,long
1788156000,0.00002677,0.0004,long
1788159600,0.00002676,0.0004,long
1788163200,0.00002675,0.0004,long
1788166800,0.00002750,0.0004,long
1788170400,0.00002790,0.0004,long
1788174000,0.00002788,0.0004,long
1788177600,0.00002787,0.0004,long
1788181200,0.00002772,0.0004,long
1788184800,0.00002763,0.0004,long
1788188400,0.00002780,0.0004,long
1788192000,0.00002816,0.0004,long
1788195600,0.00002876,0.0004,long
1788199200,0.00003115,0.0004,long
1788202800,0.00003452,0.0004,long
1788206400,0.00003561,0.0004,long
1788210000,0.00003495,0.0004,long
1788213600,0.00003302,0.0004,long
1788217200,0.00003220,0.0004,long
1788220800,0.00003229,0.0004,long
1788224400,0.00003201,0.0004,long
1788228000,0.00003192,0.0004,long
1788231600,0.00003191,0.0004,long
1788235200,0.00003191,0.0004,long
1788238800,0.00003191,0.0004,long
1788242400,0.00003187,0.0004,long
1788246000,0.00003184,0.0004,long
1788249600,0.00003184,0.0004,long
1788253200,0.00003184,0.0004,long
1788256800,0.00003164,0.0004,long
1788260400,0.00003160,0.0004,long
1788264000,0.00003315,0.0004,long
1788267600,0.04148650,0.5000,long
1788271200,0.00254216,0.0321,long
1788274800,0.00015477,0.0018,long
1788278400,0.00006063,0.0007,long
1788282000,0.00003474,0.0004,long
1788285600,0.00003499,0.0004,long
1788289200,0.00003405,0.0004,long
1788292800,0.00003353,0.0004,long
1788296400,0.00003343,0.0004,long
1788300000,0.00003298,0.0004,long
1788303600,0.00017769,0.0022,long
1788307200,0.00003237,0.0004,long
1788310800,0.00003237,0.0004,long
1788314400,0.00003237,0.0004,long
1788318000,0.00003237,0.0004,long
1788321600,0.00003237,0.0004,long
1788325200,0.00003237,0.0004,long
1788328800,0.00003237,0.0004,long
1788332400,0.00003237,0.0004,long
1788336000,0.00003237,0.0004,long
1788339600,0.00003280,0.0004,long
1788343200,0.00003282,0.0004,long
1788346800,0.00094323,0.0117,long
1788350400,0.00003288,0.0004,long
1788354000,0.00003314,0.0004,long
1788357600,0.00002912,0.0004,long
1788361200,0.00257873,0.0365,long
1788364800,0.00002869,0.0004,long
1788368400,0.00002883,0.0004,long
1788372000,0.00002857,0.0004,long
1788375600,0.00002924,0.0004,long
1788379200,0.00003004,0.0004,long
1788382800,0.00002941,0.0004,long
1788386400,0.00002924,0.0004,long
1788390000,0.00021917,0.0030,long
1788393600,0.00404040,0.0555,long
1788397200,0.00002912,0.0004,long
1788400800,0.00002912,0.0004,long
1788404400,0.00002912,0.0004,long
1788408000,0.00002912,0.0004,long
1788411600,0.00002912,0.0004,long
1788415200,0.00002912,0.0004,long
1788418800,0.00002912,0.0004,long
1788422400,0.00002912,0.0004,long
1788426000,0.01090642,0.1433,long
1788429600,0.00558818,0.0744,long
1788433200,0.00002989,0.0004,long
1788436800,0.00003056,0.0004,long
1788440400,0.00003204,0.0004,long
1788444000,0.00003148,0.0004,long
1788447600,0.00003295,0.0004,long
1788451200,0.00003266,0.0004,long
1788454800,0.00003399,0.0004,long
1788458400,0.00003479,0.0004,long
1788462000,0.00038848,0.0045,long
1788465600,0.00283792,0.0324,long
1788469200,0.00003474,0.0004,long
1788472800,0.00056428,0.0065,long
1788476400,0.00188156,0.0218,long
1788480000,0.00246896,0.0285,long
1788483600,0.00177592,0.0205,long
1788487200,0.00176725,0.0204,long
1788490800,0.00176725,0.0204,long
1788494400,0.00176725,0.0204,long
1788498000,0.00176725,0.0204,long
1788501600,0.00176725,0.0204,long
1788505200,0.00176725,0.0204,long
1788508800,0.00176725,0.0204,long
1788512400,0.00356751,0.0412,long
1788516000,0.00003530,0.0004,long
1788519600,0.00051483,0.0059,long
1788523200,0.00003457,0.0004,long
1788526800,0.00029008,0.0037,long
1788530400,0.00184778,0.0227,long
1788534000,0.00002981,0.0004,long
1788537600,0.00003103,0.0004,long
1788541200,0.00003147,0.0004,long
1788544800,0.00003128,0.0004,long
1788548400,0.00003108,0.0004,long
1788552000,0.00003176,0.0004,long
1788555600,0.00003160,0.0004,long
1788559200,0.00003140,0.0004,long
1788562800,0.00003143,0.0004,long
1788566400,0.00003166,0.0004,long
1788570000,0.00003169,0.0004,long
1788573600,0.00003169,0.0004,long
1788577200,0.00003169,0.0004,long
1788580800,0.00003169,0.0004,long
1788584400,0.00003169,0.0004,long
1788588000,0.00003169,0.0004,long
1788591600,0.00003169,0.0004,long
1788595200,0.00003169,0.0004,long
1788598800,0.00003169,0.0004,long
1788602400,0.00003169,0.0004,long
1788606000,0.00003169,0.0004,long
1788609600,0.00003169,0.0004,long
1788613200,0.00003169,0.0004,long
1788616800,0.00003169,0.0004,long
1788620400,0.00003169,0.0004,long
1788624000,0.00003169,0.0004,long
1788627600,0.00003169,0.0004,long
1788631200,0.00003169,0.0004,long
1788634800,0.00003169,0.0004,long
1788638400,0.00003169,0.0004,long
1788642000,0.00003169,0.0004,long
1788645600,0.00003169,0.0004,long
1788649200,0.00003169,0.0004,long
1788652800,0.00003169,0.0004,long
1788656400,0.00003169,0.0004,long
1788660000,0.00003169,0.0004,long
1788663600,0.00003169,0.0004,long
1788667200,0.00003169,0.0004,long
1788670800,0.00003169,0.0004,long
1788674400,0.00003169,0.0004,long
1788678000,0.00003169,0.0004,long
1788681600,0.00003169,0.0004,long
1788685200,0.00003169,0.0004,long
1788688800,0.00003169,0.0004,long
1788692400,0.00003169,0.0004,long
1788696000,0.00003169,0.0004,long
1788699600,0.00003169,0.0004,long
1788703200,0.00003169,0.0004,long
1788706800,0.00003169,0.0004,long
1788710400,0.00003169,0.0004,long
1788714000,0.00003169,0.0004,long
1788717600,0.00003169,0.0004,long
1788721200,0.00003169,0.0004,long
1788724800,0.00003169,0.0004,long
1788728400,0.00003169,0.0004,long
1788732000,0.00003169,0.0004,long
1788735600,0.00003169,0.0004,long
1788739200,0.00003169,0.0004,long
1788742800,0.00003169,0.0004,long
1788746400,0.00003169,0.0004,long
1788750000,0.00003169,0.0004,long
1788753600,0.00003169,0.0004,long
1788757200,0.00003169,0.0004,long
1788760800,0.00003169,0.0004,long
1788764400,0.00003169,0.0004,long
1788768000,0.00003169,0.0004,long
1788771600,0.00003169,0.0004,long
1788775200,0.00003169,0.0004,long
1788778800,0.00003169,0.0004,long
1788782400,0.00003169,0.0004,long
1788786000,0.00003169,0.0004,long
1788789600,0.00003169,0.0004,long
1788793200,0.00003169,0.0004,long
1788796800,0.00003169,0.0004,long
1788800400,0.00003169,0.0004,long
1788804000,0.00003169,0.0004,long
1788807600,0.00003169,0.0004,long
1788811200,0.00003169,0.0004,long
1788814800,0.00003169,0.0004,long
1788818400,0.00003169,0.0004,long
1788822000,0.00003169,0.0004,long
1788825600,0.00003169,0.0004,long
1788829200,0.00003169,0.0004,long
1788832800,0.00003169,0.0004,long
1788836400,0.00003169,0.0004,long
1788840000,0.00003169,0.0004,long
1788843600,0.00003169,0.0004,long
1788847200,0.00003169,0.0004,long
1788850800,0.00003169,0.0004,long
1788854400,0.00003169,0.0004,long
1788858000,0.00003084,0.0004,long
1788861600,0.00003112,0.0004,long
1788865200,0.00003136,0.0004,long
1788868800,0.00003134,0.0004,long
1788872400,0.00003115,0.0004,long
1788876000,0.00002974,0.0004,long
1788879600,0.00003082,0.0004,long
1788883200,0.00003187,0.0004,long
1788886800,0.00003182,0.0004,long
1788890400,0.00003130,0.0004,long
1788894000,0.00003072,0.0004,long
1788897600,0.00003040,0.0004,long
1788901200,0.00003040,0.0004,long
1788904800,0.00003036,0.0004,long
1788908400,0.00189765,0.0249,long
1788912000,0.00003016,0.0004,long
1788915600,0.00003016,0.0004,long
1788919200,0.00003016,0.0004,long
1788922800,0.00003016,0.0004,long
1788926400,0.00003016,0.0004,long
1788930000,0.00003016,0.0004,long
1788933600,0.00003016,0.0004,long
1788937200,0.00003016,0.0004,long
1788940800,0.00003016,0.0004,long
1788944400,0.00043578,0.0054,long
1788948000,0.00003127,0.0004,long
1788951600,0.00003119,0.0004,long
1788955200,0.00003136,0.0004,long
1788958800,0.00003160,0.0004,long
1788962400,0.00003157,0.0004,long
1788966000,0.00003220,0.0004,long
1788969600,0.00354974,0.0450,short
1788973200,0.00110844,0.0142,short
1788976800,0.00003028,0.0004,long
1788980400,0.00408962,0.0560,long
1788984000,0.01885914,0.2598,long
1788987600,0.00036015,0.0049,long
1788991200,0.00180965,0.0250,long
1788994800,0.00530927,0.0741,long
1788998400,0.00002836,0.0004,long
1789002000,0.00002836,0.0004,long
1789005600,0.00002836,0.0004,long
1789009200,0.00002836,0.0004,long
1789012800,0.00002836,0.0004,long
1789016400,0.00002836,0.0004,long
1789020000,0.00002836,0.0004,long
1789023600,0.00002836,0.0004,long
1789027200,0.00002836,0.0004,long
1789030800,0.00002901,0.0004,long
1789034400,0.00002914,0.0004,long
1789038000,0.00002912,0.0004,long
1789041600,0.00002902,0.0004,long
1789045200,0.00002790,0.0004,long
1789048800,0.00290170,0.0408,long
1789052400,0.00002810,0.0004,long
1789056000,0.00002787,0.0004,long
1789059600,0.00002775,0.0004,long
1789063200,0.00002708,0.0004,long
1789066800,0.00002675,0.0004,long
1789070400,0.00002658,0.0004,long
1789074000,0.00002728,0.0004,long
1789077600,0.00002710,0.0004,long
1789081200,0.00002698,0.0004,long
1789084800,0.00002692,0.0004,long
1789088400,0.00002692,0.0004,long
1789092000,0.00002692,0.0004,long
1789095600,0.00002692,0.0004,long
1789099200,0.00002692,0.0004,long
1789102800,0.00002692,0.0004,long
1789106400,0.00002692,0.0004,long
1789110000,0.00002692,0.0004,long
1789113600,0.00002692,0.0004,long
1789117200,0.00016759,0.0024,long
1789120800,0.00002796,0.0004,long
1789124400,0.00094818,0.0136,long
1789128000,0.00004830,0.0007,long
1789131600,0.00006485,0.0009,long
1789135200,0.00023232,0.0032,long
1789138800,0.00053422,0.0068,short
1789142400,0.00002989,0.0004,long
1789146000,0.00002922,0.0004,long
1789149600,0.00002884,0.0004,long
1789153200,0.00002914,0.0004,long
1789156800,0.00002900,0.0004,long
1789160400,0.00002862,0.0004,long
1789164000,0.00002845,0.0004,long
1789167600,0.00002836,0.0004,long
1789171200,0.00002816,0.0004,long
1789174800,0.00002816,0.0004,long
1789178400,0.00002816,0.0004,long
1789182000,0.00002816,0.0004,long
1789185600,0.00002816,0.0004,long
1789189200,0.00002816,0.0004,long
1789192800,0.00002816,0.0004,long
1789196400,0.00002816,0.0004,long
1789200000,0.00002816,0.0004,long
1789203600,0.00002816,0.0004,long
1789207200,0.00002816,0.0004,long
1789210800,0.00002816,0.0004,long
1789214400,0.00002816,0.0004,long
1789218000,0.00002816,0.0004,long
1789221600,0.00002816,0.0004,long
1789225200,0.00002816,0.0004,long
1789228800,0.00002816,0.0004,long
1789232400,0.00002816,0.0004,long
1789236000,0.00002816,0.0004,long
1789239600,0.00002816,0.0004,long
1789243200,0.00002816,0.0004,long
1789246800,0.00002816,0.0004,long
1789250400,0.00002816,0.0004,long
1789254000,0.00002816,0.0004,long
1789257600,0.00002816,0.0004,long
1789261200,0.00002816,0.0004,long
1789264800,0.00002816,0.0004,long
1789268400,0.00002816,0.0004,long
1789272000,0.00002816,0.0004,long
1789275600,0.00002816,0.0004,long
1789279200,0.00002816,0.0004,long
1789282800,0.00002816,0.0004,long
1789286400,0.00002816,0.0004,long
1789290000,0.00002816,0.0004,long
1789293600,0.00002816,0.0004,long
1789297200,0.00002816,0.0004,long
1789300800,0.00002816,0.0004,long
1789304400,0.00002816,0.0004,long
1789308000,0.00002816,0.0004,long
1789311600,0.00002816,0.0004,long
1789315200,0.00002816,0.0004,long
1789318800,0.00002816,0.0004,long
1789322400,0.00002816,0.0004,long
1789326000,0.00002816,0.0004,long
1789329600,0.00002816,0.0004,long
1789333200,0.00002816,0.0004,long
1789336800,0.00002816,0.0004,long
1789340400,0.00002816,0.0004,long
1789344000,0.00002816,0.0004,long
1789347600,0.00002816,0.0004,long
1789351200,0.00002816,0.0004,long
1789354800,0.00002816,0.0004,long
1789358400,0.00002816,0.0004,long
1789362000,0.00002816,0.0004,long
1789365600,0.00002816,0.0004,long
1789369200,0.00002816,0.0004,long
1789372800,0.00002816,0.0004,long
1789376400,0.00002864,0.0004,long
1789380000,0.00002886,0.0004,long
1789383600,0.00002894,0.0004,long
1789387200,0.00002912,0.0004,long
1789390800,0.00002868,0.0004,long
1789394400,0.00002816,0.0004,long
1789398000,0.00002836,0.0004,long
1789401600,0.00002936,0.0004,long
1789405200,0.00002968,0.0004,long
1789408800,0.00002964,0.0004,long
1789412400,0.00002954,0.0004,long
1789416000,0.00002980,0.0004,long
1789419600,0.00002984,0.0004,long
1789423200,0.00002944,0.0004,long
1789426800,0.00002946,0.0004,long
1789430400,0.00002927,0.0004,long
1789434000,0.00002927,0.0004,long
1789437600,0.00002927,0.0004,long
1789441200,0.00002927,0.0004,long
1789444800,0.00002927,0.0004,long
1789448400,0.00002927,0.0004,long
1789452000,0.00002927,0.0004,long
1789455600,0.00002927,0.0004,long
1789459200,0.00002927,0.0004,long
1789462800,0.00047763,0.0067,short
1789466400,0.00002848,0.0004,long
1789470000,0.00002880,0.0004,long
1789473600,0.00002882,0.0004,long
1789477200,0.00002902,0.0004,long
1789480800,0.00002660,0.0004,long
1789484400,0.00002508,0.0004,long
1789488000,0.00002547,0.0004,long
1789491600,0.00002562,0.0004,long
1789495200,0.00002576,0.0004,long
1789498800,0.00002531,0.0004,long
1789502400,0.00002444,0.0004,long
1789506000,0.00002442,0.0004,long
1789509600,0.00009976,0.0017,long
1789513200,0.00022900,0.0040,long
1789516800,0.00002306,0.0004,long
1789520400,0.00002306,0.0004,long
1789524000,0.00002306,0.0004,long
1789527600,0.00002306,0.0004,long
1789531200,0.00002306,0.0004,long
1789534800,0.00002306,0.0004,long
1789538400,0.00002306,0.0004,long
1789542000,0.00002306,0.0004,long
1789545600,0.00002306,0.0004,long
1789549200,0.00002388,0.0004,long
1789552800,0.00002424,0.0004,long
1789556400,0.00002412,0.0004,long
1789560000,0.00002454,0.0004,long
1789563600,0.00002444,0.0004,long
1789567200,0.00041069,0.0068,short
1789570800,0.00002434,0.0004,long
1789574400,0.00002413,0.0004,long
1789578000,0.00002380,0.0004,long
1789581600,0.00002392,0.0004,long
1789585200,0.00002395,0.0004,long
1789588800,0.00002500,0.0004,long
1789592400,0.00036135,0.0058,short
1789596000,0.00002484,0.0004,long
1789599600,0.00002484,0.0004,long
1789603200,0.00022989,0.0037,short
1789606800,0.00002485,0.0004,long
1789610400,0.00364715,0.0587,long
1789614000,0.00835054,0.1344,long
1789617600,0.00835054,0.1344,long
1789621200,0.00835054,0.1344,long
1789624800,0.00835054,0.1344,long
1789628400,0.00835054,0.1344,long
1789632000,0.00835054,0.1344,long
1789635600,0.00002594,0.0004,long
1789639200,0.00002577,0.0004,long
1789642800,0.00002564,0.0004,long
1789646400,0.00002540,0.0004,long
1789650000,0.00169780,0.0260,long
1789653600,0.00002976,0.0004,long
1789657200,0.01245293,0.1421,short
1789660800,0.00006716,0.0008,short
1789664400,0.00215407,0.0260,short
1789668000,0.00785530,0.0946,short
1789671600,0.00003286,0.0004,long
1789675200,0.00003076,0.0004,long
1789678800,0.00003204,0.0004,long
1789682400,0.00003274,0.0004,long
1789686000,0.00003232,0.0004,long
1789689600,0.00002502,0.0003,long
1789693200,0.00137622,0.0165,short
1789696800,0.00336964,0.0404,short
1789700400,0.00336964,0.0404,short
1789704000,0.01125995,0.1350,long
1789707600,0.02433816,0.2918,long
1789711200,0.01880828,0.2255,long
1789714800,0.01276127,0.1530,long
1789718400,0.01270289,0.1523,long
1789722000,0.01781883,0.1935,short
1789725600,0.00267087,0.0294,short
1789729200,0.00003586,0.0004,long
1789732800,0.00003636,0.0004,long
1789736400,0.00020685,0.0021,short
1789740000,0.00021240,0.0024,short
1789743600,0.00022633,0.0026,short
1789747200,0.00003460,0.0004,long
1789750800,0.00003510,0.0004,long
1789754400,0.00000000,0.0000,long
1789758000,0.00225108,0.0222,short
1789761600,0.00004090,0.0004,long
1789765200,0.00004065,0.0004,long
1789768800,0.00004099,0.0004,long
1789772400,0.00004040,0.0004,long
1789776000,0.00004076,0.0004,long
1789779600,0.00004076,0.0004,long
1789783200,0.00004076,0.0004,long
1789786800,0.00004076,0.0004,long
1789790400,0.00004076,0.0004,long
1789794000,0.00004076,0.0004,long
1789797600,0.00004076,0.0004,long
1789801200,0.00004076,0.0004,long
1789804800,0.00004076,0.0004,long
1789808400,0.00152865,0.0150,long
1789812000,0.00023439,0.0023,long
1789815600,0.00004076,0.0004,long
1789819200,0.00004076,0.0004,long
1789822800,0.00004076,0.0004,long
1789826400,0.00024458,0.0024,long
1789830000,0.00762287,0.0748,long
1789833600,0.05095500,0.5000,long
1789837200,0.05095500,0.5000,long
1789840800,0.05095500,0.5000,long
1789844400,0.05724300,0.5000,long
1789848000,0.04064424,0.2986,long
1789851600,0.00005362,0.0004,long
1789855200,0.00005289,0.0004,long
1789858800,0.00005302,0.0004,long
1789862400,0.00005399,0.0004,long
1789866000,0.00154051,0.0113,long
1789869600,0.00068337,0.0050,long
1789873200,0.00005432,0.0004,long
1789876800,0.00008004,0.0006,short
1789880400,0.00005336,0.0004,long
1789884000,0.00005338,0.0004,long
1789887600,0.00005427,0.0004,long
1789891200,0.00005446,0.0004,long
1789894800,0.00005444,0.0004,long
1789898400,0.00005444,0.0004,long
1789902000,0.00005444,0.0004,long
1789905600,0.00005433,0.0004,long
1789909200,0.00005430,0.0004,long
1789912800,0.00005434,0.0004,long
1789916400,0.00005435,0.0004,long
1789920000,0.00005435,0.0004,long
1789923600,0.00005435,0.0004,long
1789927200,0.01609339,0.1139,long
1789930800,0.00272248,0.0192,long
1789934400,0.00005576,0.0004,long
1789938000,0.00005624,0.0004,long
1789941600,0.00005655,0.0004,long
1789945200,0.00005573,0.0004,long
1789948800,0.00005560,0.0004,long
1789952400,0.01373131,0.1069,short
1789956000,0.00005140,0.0004,long
1789959600,0.00005134,0.0004,long
1789963200,0.00005103,0.0004,long
1789966800,0.00005080,0.0004,long
1789970400,0.00005014,0.0004,long
1789974000,0.00005006,0.0004,long
1789977600,0.00005123,0.0004,long
1789981200,0.00659372,0.0537,short
1789984800,0.00004958,0.0004,long
1789988400,0.00004952,0.0004,long
1789992000,0.00891738,0.0684,long
1789995600,0.00005276,0.0004,long
1789999200,0.00207870,0.0169,long
1790002800,0.00572471,0.0449,long
1790006400,0.00281121,0.0217,long
1790010000,0.00555231,0.0417,long
1790013600,0.01868630,0.1448,long
1790017200,0.03369361,0.2617,long
1790020800,0.03187813,0.2525,long
1790024400,0.00765812,0.0577,long
1790028000,0.00005256,0.0004,long
1790031600,0.00005176,0.0004,long
1790035200,0.00005207,0.0004,long
1790038800,0.00005321,0.0004,long
1790042400,0.00005338,0.0004,long
1790046000,0.00005339,0.0004,long
1790049600,0.00005310,0.0004,long
1790053200,0.00005300,0.0004,long
1790056800,0.00005183,0.0004,long
1790060400,0.00005160,0.0004,long
1790064000,0.00005205,0.0004,long
1790067600,0.00169779,0.0127,long
1790071200,0.00663924,0.0481,long
1790074800,0.00407912,0.0292,long
1790078400,0.00005491,0.0004,long
1790082000,0.00005499,0.0004,long
1790085600,0.02069757,0.1583,long
1790089200,0.02781692,0.2121,long
1790092800,0.02897115,0.2124,long
1790096400,0.02688941,0.1997,long
1790100000,0.02819646,0.2071,long
1790103600,0.03056096,0.2221,long
1790107200,0.03038148,0.2253,long
1790110800,0.00757466,0.0538,long
1790114400,0.00005649,0.0004,long
1790118000,0.00002801,0.0002,short
1790121600,0.00091066,0.0064,long
1790125200,0.00005655,0.0004,long
1790128800,0.00005671,0.0004,long
1790132400,0.00019907,0.0014,long
1790136000,0.00005765,0.0004,long
1790139600,0.00005890,0.0004,long
1790143200,0.00071117,0.0047,short
1790146800,0.00006025,0.0004,long
1790150400,0.00006024,0.0004,long
1790154000,0.00005913,0.0004,long
1790157600,0.00005913,0.0004,long
1790161200,0.00005853,0.0004,long
1790164800,0.00005758,0.0004,long
1790168400,0.00005758,0.0004,long
1790172000,0.01219400,0.0910,long
1790175600,0.03091325,0.2313,long
1790179200,0.02960474,0.2332,long
1790182800,0.02507805,0.1977,long
1790186400,0.02585418,0.2027,long
1790190000,0.01646025,0.1275,long
1790193600,0.00931064,0.0724,long
1790197200,0.00026116,0.0020,long
1790200800,0.00005227,0.0004,long
1790204400,0.00005227,0.0004,long
1790208000,0.00005217,0.0004,long
1790211600,0.00005255,0.0004,long
1790215200,0.00005299,0.0004,long
1790218800,0.00005318,0.0004,long
1790222400,0.00005264,0.0004,long
1790226000,0.00005253,0.0004,long
1790229600,0.00005269,0.0004,long
1790233200,0.00005291,0.0004,long
1790236800,0.00005320,0.0004,long
1790240400,0.00005329,0.0004,long
1790244000,0.00005302,0.0004,long
1790247600,0.00005236,0.0004,long
1790251200,0.00005201,0.0004,long
1790254800,0.00005185,0.0004,long
1790258400,0.00005488,0.0004,long
1790262000,0.00005642,0.0004,long
1790265600,0.00005668,0.0004,long
1790269200,0.00121716,0.0084,short
1790272800,0.00005698,0.0004,long
1790276400,0.00067752,0.0048,long
1790280000,0.00005674,0.0004,long
1790283600,0.00005700,0.0004,long
1790287200,0.00005705,0.0004,long
1790290800,0.00005794,0.0004,long
1790294400,0.00005826,0.0004,long
1790298000,0.00005856,0.0004,long
1790301600,0.00005883,0.0004,long
1790305200,0.00006013,0.0004,long
1790308800,0.00006106,0.0004,long
1790312400,0.00005990,0.0004,long
1790316000,0.00005965,0.0004,long
1790319600,0.00005961,0.0004,long
1790323200,0.00029622,0.0020,short
1790326800,0.00005964,0.0004,long
1790330400,0.00005996,0.0004,long
1790334000,0.00052814,0.0035,long
1790337600,0.00062768,0.0040,long
1790341200,0.00006301,0.0004,long
1790344800,0.00505700,0.0341,long
1790348400,0.00611442,0.0402,long
1790352000,0.00307441,0.0203,long
1790355600,0.00194184,0.0116,long
1790359200,0.00131823,0.0077,long
1790362800,0.00006890,0.0004,long
1790366400,0.00279288,0.0162,long
1790370000,0.00007031,0.0004,long
1790373600,0.00005232,0.0003,long
1790377200,0.00006923,0.0004,long
1790380800,0.00276961,0.0156,long
1790384400,0.00007065,0.0004,long
1790388000,0.00007009,0.0004,long
1790391600,0.00007001,0.0004,long
1790395200,0.00007001,0.0004,long
1790398800,0.00007000,0.0004,long
1790402400,0.00007006,0.0004,long
1790406000,0.00007013,0.0004,long
1790409600,0.00007021,0.0004,long
1790413200,0.00007011,0.0004,long
1790416800,0.00007084,0.0004,long
1790420400,0.00007100,0.0004,long
1790424000,0.00007118,0.0004,long
1790427600,0.00007112,0.0004,long
1790431200,0.00007110,0.0004,long
1790434800,0.00007110,0.0004,long
1790438400,0.00007110,0.0004,long
1790442000,0.00007110,0.0004,long
1790445600,0.00007110,0.0004,long
1790449200,0.00007110,0.0004,long
1790452800,0.00007110,0.0004,long
1790456400,0.00007105,0.0004,long
1790460000,0.00007101,0.0004,long
1790463600,0.00007100,0.0004,long
1790467200,0.00007100,0.0004,long
1790470800,0.00007146,0.0004,long
1790474400,0.00007153,0.0004,long
1790478000,0.00007154,0.0004,long
1790481600,0.00007154,0.0004,long
1790485200,0.00007154,0.0004,long
1790488800,0.00007154,0.0004,long
1790492400,0.00007154,0.0004,long
1790496000,0.00007154,0.0004,long
1790499600,0.00007155,0.0004,long
1790503200,0.00007155,0.0004,long
1790506800,0.00007155,0.0004,long
1790510400,0.00007145,0.0004,long
1790514000,0.00007128,0.0004,long
1790517600,0.00007128,0.0004,long
1790521200,0.00007129,0.0004,long
1790524800,0.00007130,0.0004,long
1790528400,0.00007130,0.0004,long
1790532000,0.00007130,0.0004,long
1790535600,0.00007130,0.0004,long
1790539200,0.00007130,0.0004,long
1790542800,0.00007130,0.0004,long
1790546400,0.00007130,0.0004,long
1790550000,0.00007172,0.0004,long
1790553600,0.00007180,0.0004,long
1790557200,0.00681817,0.0349,long
1790560800,0.00007752,0.0004,long
1790564400,0.00007743,0.0004,long
1790568000,0.00007742,0.0004,long
1790571600,0.00297697,0.0157,short
1790575200,0.00007414,0.0004,long
1790578800,0.00495635,0.0276,short
1790582400,0.00007130,0.0004,long
1790586000,0.00006992,0.0004,long
1790589600,0.00033878,0.0020,short
1790593200,0.00006738,0.0004,long
1790596800,0.00006722,0.0004,long
1790600400,0.00006813,0.0004,long
1790604000,0.00006674,0.0004,long
1790607600,0.00050964,0.0031,long
1790611200,0.00151637,0.0093,long
1790614800,0.00617009,0.0383,long
1790618400,0.00510400,0.0319,long
1790622000,0.00272401,0.0171,long
1790625600,0.00634640,0.0408,long
1790629200,0.00006294,0.0004,long
1790632800,0.00006254,0.0004,long
1790636400,0.00006238,0.0004,long
1790640000,0.00006235,0.0004,long
1790643600,0.00006232,0.0004,long
1790647200,0.00006228,0.0004,long
1790650800,0.00006196,0.0004,long
1790654400,0.00006179,0.0004,long
1790658000,0.00006177,0.0004,long
1790661600,0.00006175,0.0004,long
1790665200,0.00006174,0.0004,long
1790668800,0.00006167,0.0004,long
1790672400,0.00006365,0.0004,long
1790676000,0.00006431,0.0004,long
1790679600,0.00855806,0.0553,short
1790683200,0.00006131,0.0004,long
1790686800,0.00330993,0.0213,long
1790690400,0.00093873,0.0058,short
1790694000,0.00546072,0.0373,short
1790697600,0.00360902,0.0253,long
1790701200,0.00394488,0.0275,short
1790704800,0.02404205,0.1676,short
1790708400,0.00824795,0.0563,short
1790712000,0.00873525,0.0570,short
1790715600,0.00144660,0.0099,short
1790719200,0.00005985,0.0004,long
1790722800,0.00006152,0.0004,long
1790726400,0.00006292,0.0004,long
1790730000,0.00006376,0.0004,long
1790733600,0.00006420,0.0004,long
1790737200,0.00006436,0.0004,long
1790740800,0.00006448,0.0004,long
1790744400,0.00731791,0.0461,short
1790748000,0.02737533,0.1890,short
1790751600,0.00005714,0.0004,long
1790755200,0.00005702,0.0004,long
1790758800,0.00005708,0.0004,long
1790762400,0.01474237,0.0979,long
1790766000,0.00006183,0.0004,long
1790769600,0.00173780,0.0114,short
1790773200,0.00041862,0.0027,long
1790776800,0.01305685,0.0727,short
1790780400,0.00464493,0.0281,short
1790784000,0.00026360,0.0016,short
1790787600,0.00643143,0.0385,short
1790791200,0.00006560,0.0004,long
1790794800,0.00006540,0.0004,long
1790798400,0.00090117,0.0056,short
1790802000,0.00006411,0.0004,long
1790805600,0.00006407,0.0004,long
1790809200,0.00006407,0.0004,long
1790812800,0.00006406,0.0004,long
1790816400,0.00006406,0.0004,long
1790820000,0.00006406,0.0004,long
1790823600,0.00006406,0.0004,long
1790827200,0.00006406,0.0004,long
1790830800,0.00006406,0.0004,long
1790834400,0.00006406,0.0004,long
1790838000,0.00006406,0.0004,long
1790841600,0.00342747,0.0214,short
1790845200,0.00382787,0.0239,short
1790848800,0.00367653,0.0230,short
1790852400,0.00041515,0.0027,short
1790856000,0.01420138,0.0934,long
1790859600,0.01642671,0.1082,long
1790863200,0.00027583,0.0017,long
1790866800,0.00149264,0.0093,short
1790870400,0.00006422,0.0004,long
1790874000,0.00006242,0.0004,long
1790877600,0.00006372,0.0004,long
1790881200,0.00006272,0.0004,long
1790884800,0.00006211,0.0004,long
1790888400,0.00004569,0.0003,short
1790892000,0.00006074,0.0004,long
1790895600,0.00498881,0.0338,short
1790899200,0.00005805,0.0004,long
1790902800,0.00005792,0.0004,long
1790906400,0.00005790,0.0004,long
1790910000,0.00005790,0.0004,long
1790913600,0.00005790,0.0004,long
1790917200,0.00005790,0.0004,long
1790920800,0.00005790,0.0004,long
1790924400,0.00005790,0.0004,long
1790928000,0.00005790,0.0004,long
1790931600,0.02182664,0.1508,long
1790935200,0.01573313,0.1087,long
1790938800,0.00403822,0.0279,long
1790942400,0.01796211,0.1241,long
1790946000,0.00318426,0.0220,long
1790949600,0.00005800,0.0004,long
1790953200,0.00040306,0.0028,short
1790956800,0.00273990,0.0191,short
1790960400,0.01503440,0.1028,short
1790964000,0.00915200,0.0640,short
1790967600,0.00005646,0.0004,long
1790971200,0.00005664,0.0004,long
1790974800,0.00151314,0.0106,short
1790978400,0.00868256,0.0610,short
1790982000,0.00254086,0.0187,short
1790985600,0.00005416,0.0004,long
1790989200,0.00005414,0.0004,long
1790992800,0.00005413,0.0004,long
1790996400,0.00005413,0.0004,long
1791000000,0.00005413,0.0004,long
1791003600,0.00005413,0.0004,long
1791007200,0.00005413,0.0004,long
1791010800,0.00005413,0.0004,long
1791014400,0.00005413,0.0004,long
1791018000,0.00005413,0.0004,long
1791021600,0.00005413,0.0004,long
1791025200,0.00005413,0.0004,long
1791028800,0.00005413,0.0004,long
1791032400,0.00005413,0.0004,long
1791036000,0.00005413,0.0004,long
1791039600,0.00005413,0.0004,long
1791043200,0.00005413,0.0004,long
1791046800,0.00005413,0.0004,long
1791050400,0.00365391,0.0270,short
1791054000,0.00909418,0.0672,short
1791057600,0.00005413,0.0004,long
1791061200,0.00005413,0.0004,long
1791064800,0.00005413,0.0004,long
1791068400,0.00005413,0.0004,long
1791072000,0.00005413,0.0004,long
1791075600,0.00005413,0.0004,long
1791079200,0.00005413,0.0004,long
1791082800,0.00005413,0.0004,long
1791086400,0.00005413,0.0004,long
1791090000,0.00005413,0.0004,long
1791093600,0.00005413,0.0004,long
1791097200,0.00005413,0.0004,long
1791100800,0.00005413,0.0004,long
1791104400,0.00029104,0.0022,short
1791108000,0.00005097,0.0004,long
1791111600,0.00005070,0.0004,long
1791115200,0.00005067,0.0004,long
1791118800,0.00005066,0.0004,long
1791122400,0.00005066,0.0004,long
1791126000,0.00005066,0.0004,long
1791129600,0.00005066,0.0004,long
1791133200,0.00005066,0.0004,long
1791136800,0.00005066,0.0004,long
1791140400,0.01465265,0.1113,long
1791144000,0.00121952,0.0092,long
1791147600,0.00005308,0.0004,long
1791151200,0.00005359,0.0004,long
1791154800,0.00005594,0.0004,long
1791158400,0.00005625,0.0004,long
1791162000,0.00233632,0.0166,long
1791165600,0.00091491,0.0065,long
1791169200,0.00005630,0.0004,long
1791172800,0.00005630,0.0004,long
1791176400,0.00005630,0.0004,long
1791180000,0.00005630,0.0004,long
1791183600,0.00005630,0.0004,long
1791187200,0.00005630,0.0004,long
1791190800,0.00005630,0.0004,long
1791194400,0.00005630,0.0004,long
1791198000,0.00004130,0.0003,short
1791201600,0.00005461,0.0004,long
1791205200,0.00005658,0.0004,long
1791208800,0.00106970,0.0076,long
1791212400,0.00248330,0.0181,long
1791216000,0.00298956,0.0214,long
1791219600,0.00005636,0.0004,long
1791223200,0.00005644,0.0004,long
1791226800,0.00237712,0.0166,short
1791230400,0.02119066,0.1421,short
1791234000,0.04262678,0.2858,short
1791237600,0.04262678,0.2858,short
1791241200,0.00096504,0.0068,short
1791244800,0.00005556,0.0004,long
1791248400,0.00005532,0.0004,long
1791252000,0.00005580,0.0004,long
1791255600,0.00005649,0.0004,long
1791259200,0.00005659,0.0004,long
1791262800,0.00005688,0.0004,long
1791266400,0.00018287,0.0013,long
1791270000,0.00005603,0.0004,long
1791273600,0.00005600,0.0004,long
1791277200,0.00005599,0.0004,long
1791280800,0.00005599,0.0004,long
1791284400,0.00005599,0.0004,long
1791288000,0.00005599,0.0004,long
1791291600,0.00005599,0.0004,long
1791295200,0.01122095,0.0761,short
1791298800,0.01688631,0.1146,short
1791302400,0.02155673,0.1459,short
1791306000,0.01913588,0.1317,short
1791309600,0.00786986,0.0549,short
1791313200,0.00435176,0.0304,short
1791316800,0.00811921,0.0566,short
1791320400,0.00040691,0.0029,short
1791324000,0.00005606,0.0004,long
1791327600,0.00005625,0.0004,long
1791331200,0.00019691,0.0014,short
1791334800,0.00005627,0.0004,long
1791338400,0.00005586,0.0004,long
1791342000,0.00005566,0.0004,long
1791345600,0.00005563,0.0004,long
1791349200,0.00005563,0.0004,long
1791352800,0.00005563,0.0004,long
1791356400,0.00005563,0.0004,long
1791360000,0.00005563,0.0004,long
1791363600,0.00005552,0.0004,long
1791367200,0.00005538,0.0004,long
1791370800,0.00005537,0.0004,long
1791374400,0.00509248,0.0355,short
1791378000,0.01763001,0.1229,short
1791381600,0.01342670,0.1005,short
1791385200,0.00005366,0.0004,long
1791388800,0.00005306,0.0004,long
1791392400,0.00113317,0.0087,short
1791396000,0.00174372,0.0132,short
1791399600,0.00013775,0.0010,short
1791403200,0.00005518,0.0004,long
1791406800,0.00001379,0.0001,long
1791410400,0.00654708,0.0481,short
1791414000,0.00012223,0.0009,short
1791417600,0.00005420,0.0004,long
1791421200,0.00005414,0.0004,long
1791424800,0.00005411,0.0004,long
1791428400,0.00005409,0.0004,long
1791432000,0.00005408,0.0004,long
1791435600,0.00005408,0.0004,long
1791439200,0.00005408,0.0004,long
1791442800,0.00031097,0.0023,short
1791446400,0.00388041,0.0287,short
1791450000,0.01257416,0.0930,short
1791453600,0.00036505,0.0027,short
1791457200,0.00141965,0.0105,short
1791460800,0.00270410,0.0200,short
1791464400,0.01875293,0.1387,short
1791468000,0.01316091,0.1029,short
1791471600,0.00005016,0.0004,long
1791475200,0.00004944,0.0004,long
1791478800,0.00004926,0.0004,long
1791482400,0.00004894,0.0004,long
1791486000,0.00577430,0.0452,short
1791489600,0.00131736,0.0103,short
1791493200,0.00005081,0.0004,long
1791496800,0.00016456,0.0013,short
1791500400,0.00199765,0.0160,short
1791504000,0.00000000,0.0000,long
