t_ms,o,h,l,c,v,V
1787702400000,6.0594,6.2563,6.0291,6.1694,16924.18,103836.073379
1787788800000,6.1694,8.3674,6.1694,7.7516,172649.68,1297860.005371
1787875200000,7.7516,8.1329,6.6328,6.71,53392.17,407124.45453
1787961600000,6.71,6.7634,6.6726,6.733,554.6,3729.3885929999997
1788048000000,6.733,6.8,6.7129,6.8,2701.48,18267.496275
1788134400000,6.8,9.2515,6.6726,7.99,16821.08,133417.497106
1788220800000,7.99,15.8215,7.8569,8.3563,72799.69,716435.061147
1788307200000,8.3563,9.28,7.03,7.5242,7532.91,58825.640324
1788393600000,7.5242,8.9445,7.3305,8.7,4657.7,36691.935832
1788480000000,8.7,9,7.461,8.0382,5141.72,42666.020827
1788566400000,8.0382,8.773,7.1953,7.4367,18,146.02504100000002
1788652800000,7.4367,8.5829,7.4367,7.5,53.31,423.338163
1788739200000,7.5,7.9247,7.5,7.9019,50.03,395.713909
1788825600000,7.9019,8.1059,7.4367,7.6339,890.24,6904.256685
1788912000000,7.6339,8.421,7.1122,7.21,32957.23,258785.949715
1788998400000,7.21,7.4857,6.5744,6.5744,12408.88,87095.099931
1789084800000,6.5744,7.8,6.5744,7.1561,23784.65,179417.663975
1789171200000,7.1561,7.7998,7.1561,7.7998,1.32,10.295736
1789257600000,7.7998,7.7998,7.7998,7.7998,0,0
1789344000000,7.1737,7.373,6.91,7.373,1128.75,8019.239355
1789430400000,7.373,7.373,5.508,5.9504,7083.47,42914.451543
1789516800000,5.9504,6.3617,5.7,6.3617,225.08,1325.724399
1789603200000,6.3617,8.94,6.35,8.1374,70432.03,555115.793295
1789689600000,8.1374,10.1475,8.02,9.758,61801.37,548104.092844
1789776000000,9.758,15.5,9.725,13.25,201674.75,2388095.497446
1789862400000,13.25,14.5306,12.7453,13.24,23042.16,320572.958655
1789948800000,13.24,14.2,11.72,13.1,38406.49,487446.033888
1790035200000,13.1,14.6938,12.0702,13.95,60880.04,849415.631788
1790121600000,13.95,15.3763,12.7972,12.9348,31386.29,427006.147706
1790208000000,12.9348,15.84,12.6178,14.6,61756.329999999994,847160.359144
1790294400000,14.6,18,14.6,17.513,12450.56,196464.032378
1790380800000,17.513,18,17.0002,17.987,2501.07,44127.446356
1790467200000,17.987,17.987,17.5,17.5,0.44,7.8067
1790553600000,17.5,25,15.69,16,17477.97,296816.55203099997
1790640000000,16,16,13.421,13.421,54461.69,828793.566386
1790726400000,13.421,17.46,13.421,16.1302,54744.9,838888.175035
1790812800000,16.1302,16.2522,14.3153,15.3,13935.65,215779.376185
1790899200000,15.3,15.3,12.0351,13.1199,12834.28,182807.769507
1790985600000,13.1199,13.5916,13.1199,13.5916,180.02,2372.4985
1791072000000,13.5916,14.1935,11.5789,13.25,10612.23,142280.762609
1791158400000,13.25,15.6782,13.25,14.2378,30246.5,426417.255082
1791244800000,14.2378,15.16,13.6972,13.975,38384.46,543018.707378
1791331200000,13.975,14.348,12.7608,13.7139,36072.5,492618.456482
1791417600000,13.7139,14.135,12.0696,12.3338,43554.01,559546.499238
